OBVOD;CKAND;VSTRANA;JMENO;PRIJMENI;TITULPRED;TITULZA;VEK;POVOLANI;BYDLISTEN;BYDLISTEK;PSTRANA;NSTRANA;PLATNOST;HLASY_K1;PROC_K1;URIZ_PR_K1;ZVOLEN_K1;LOS_K1;HLASY_K2;PROC_K2;URIZ_PR_K2;ZVOLEN_K2;LOS_K2;NAZEV_VS
3;1;1227;"Jiøí";"Sedláèek";"Ing.";"";64;"jednatel spoleènosti";"Tachov";560715;99;1227;"A";1613;5.64;5.64459686450167;0;0;0;0;0;0;0;"Trikolóra hnutí obèanù"
3;2;720;"Markéta";"Monsportová";"";"";48;"manaerka a kulturní aktivistka";"Velká Hleïsebe";539279;720;720;"A";3960;13.85;13.85778275475923;0;0;0;0;0;0;0;"Èeská pirátská strana"
3;3;768;"Jaroslava";"Broová Lampertová";"Ing.";"";66;"starostka obce Velká Hleïsebe";"Velká Hleïsebe";539279;768;768;"A";4927;17.24;17.24174132138857;2;0;3091;29.68;29.68119838678701;0;0;"ANO 2011"
3;4;47;"Josef";"Švarcbek";"RSDr.";"";65;"velitel vıjezdové jednotky SDH Planá";"Planá";535176;47;47;"A";2506;8.76;8.76959686450167;0;0;0;0;0;0;0;"Komunistická strana Èech a Moravy"
3;5;166;"Miroslav";"Plevnı";"";"";54;"vysokoškolskı uèitel na Fakultì ekonomické ZÈU";"Cheb";554481;99;166;"A";7840;27.43;27.43561030235162;2;0;7323;70.31;70.31880161321298;1;0;"STAROSTOVÉ A NEZÁVISLÍ"
3;6;1449;"Svatava";"Štìrbová";"Mgr.";"";49;"právnièka a zastupitelka mìsta Kladruby";"Kladruby";559920;5;5;"A";1379;4.82;4.82572788353863;0;0;0;0;0;0;0;"ZELENÍ a SENÁTOR 21"
3;7;785;"Martin";"Lojda";"";"";65;"realitní makléø";"Karlovy Vary";554961;1205;785;"A";119;.41;.41643337066069;0;0;0;0;0;0;0;"Zdraví Sport Prosperita"
3;8;7;"Miroslav";"Nenutil";"Mgr.";"";62;"senátor";"Støíbro";561215;7;7;"A";4142;14.49;14.49468085106382;0;0;0;0;0;0;0;"Èeská strana sociálnì demokratická"
3;9;1114;"Josef";"Kvasnièka";"JUDr.";"";70;"právník";"Plesná";554740;1179;1114;"A";2090;7.31;7.31382978723404;0;0;0;0;0;0;0;"Svoboda a pøímá demokracie (SPD)"
6;1;1477;"Vladimír";"Drápal";"Mgr.";"";56;"kurátor a produkèní mìstské galerie, vydavatel";"Louny";565971;99;53;"A";7884;20.63;20.63064241789873;2;0;7252;41.6;41.60403878148126;0;0;"Koalice ODS, TOP 09, KDU-ÈSL a KAN"
6;2;1187;"Daniel";"Pitek";"";"";53;"sedlák a lesník";"Velemín";565849;99;1187;"A";3352;8.77;8.77142483318068;0;0;0;0;0;0;0;"SENÁTOR 21"
6;3;119;"Zdeòka";"Hamousová";"Mgr.";"";59;"starostka";"atec";566985;99;119;"A";3910;10.23;10.2315844563653;0;0;0;0;0;0;0;"Unie pro sport a zdraví"
6;4;1114;"Dominik";"Hanko";"Ing.";"";41;"preventista mìstské policie, vèelaø, trenér atlet.";"Litomìøice";564567;1114;1114;"A";2201;5.75;5.75951851367264;0;0;0;0;0;0;0;"Svoboda a pøímá demokracie (SPD)"
6;5;47;"Václav";"Beneš";"";"";67;"starosta obce Blatno";"Blatno";566004;47;47;"A";2462;6.44;6.44249640193641;0;0;0;0;0;0;0;"Komunistická strana Èech a Moravy"
6;6;1478;"Jaroslav";"Veselı";"Ing.";"";64;"starosta obce Raná";"Raná";566659;99;1012;"A";1153;3.01;3.01713986654455;0;0;0;0;0;0;0;"Lepší Sever"
6;7;1227;"Zdenìk";"Pištora";"Mgr.";"";56;"starosta mìsta Postoloprty";"Postoloprty";566624;1227;1227;"A";1590;4.16;4.16066989402067;0;0;0;0;0;0;0;"Trikolóra hnutí obèanù"
6;8;166;"Ivo";"Trešl";"MUDr.";"";48;"lékaø - chirurg";"Rakovník";541656;166;166;"A";7995;20.92;20.9211042784247;2;0;10179;58.39;58.39596121851873;1;0;"STAROSTOVÉ A NEZÁVISLÍ"
6;9;768;"Milan";"Rychtaøík";"Mgr. et. Bc.";"";48;"místostarosta mìsta Louny";"Louny";565971;768;768;"A";7341;19.2;19.20973439748789;0;0;0;0;0;0;0;"ANO 2011"
6;10;704;"Rostislav";"Domorák";"Ing.";"";59;"øeditel Oblastní charity Ústí nad Labem";"Budynì nad Ohøí";564656;99;704;"A";327;.85;.8556849404684;0;0;0;0;0;0;0;"Severoèeši.cz"
9;1;166;"Jindøich";"Sitta";"MUDr.";"";65;"chirurg, plukovník AÈR, bıv. velitel 6. pol. nem.";"Plzeò";2;99;166;"A";6175;16.4;16.40585562847046;0;0;0;0;0;0;0;"STAROSTOVÉ A NEZÁVISLÍ"
9;2;47;"Václav";"Heøman";"";"";46;"servisní technik";"Plzeò";2;47;47;"A";3034;8.06;8.06078801243391;0;0;0;0;0;0;0;"Komunistická strana Èech a Moravy"
9;3;1114;"Oldrich";"Fencl";"Ing.";"";65;"geodet, geolog";"Plzeò";2;1114;1114;"A";3481;9.24;9.2483859826244;0;0;0;0;0;0;0;"Svoboda a pøímá demokracie (SPD)"
9;4;720;"Daniel";"Kùs";"Mgr.";"";46;"zakl. internet. startupu, právník, plzeò. zastup.";"Plzeò";2;720;720;"A";8032;21.33;21.33956800127527;2;0;5773;40.66;40.66065643048316;0;0;"Èeská pirátská strana"
9;5;7;"Jiøí";"Liška";"MUDr.";"CSc.";76;"zástup. primáøe novorozeneckého odd. Mulaèovy nem.";"Plzeò";2;7;7;"A";3766;10;10.00557931932304;0;0;0;0;0;0;0;"Èeská strana sociálnì demokratická"
9;6;1462;"Lumír";"Aschenbrenner";"Ing.";"";60;"starosta Slovan, senátor PÈR";"Plzeò";2;53;53;"A";13151;34.93;34.93982305587289;2;0;8425;59.33;59.33934356951683;1;0;"Koalice pro Plzeò"
12;1;1236;"Marek";"Andìl";"";"";48;"øeditel muzea Elektrárny královského mìsta Písku";"Písek";549240;99;1236;"A";1898;5.01;5.0153260754677;0;0;0;0;0;0;0;"PÍSEK SOBÌ - sdruení nezávislıch kandidátù"
12;2;47;"Pavel";"Štìtina";"";"";68;"lesník";"Nová Pec";550451;47;47;"A";1661;4.38;4.38907092273544;0;0;0;0;0;0;0;"Komunistická strana Èech a Moravy"
12;3;768;"Petr";"Kalina";"Ing.";"";48;"starosta obce";"Dobev";549363;768;768;"A";5357;14.15;14.1554803931931;0;0;0;0;0;0;0;"ANO 2011"
12;4;720;"Michal";"Horák";"";"";55;"IT specialista";"Písek";549240;720;720;"A";3410;9.01;9.0106754042913;0;0;0;0;0;0;0;"Èeská pirátská strana"
12;5;166;"Ivana";"Zelenková";"";"";57;"starostka obce Èejetice";"Èejetice";550922;166;166;"A";1664;4.39;4.39699820314977;0;0;0;0;0;0;0;"STAROSTOVÉ A NEZÁVISLÍ"
12;6;80;"Petra";"Kurschová";"Mgr.";"";42;"odìvní návrháø";"Strakonice";550787;99;80;"A";1314;3.47;3.47214882147764;0;0;0;0;0;0;0;"Nezávislı kandidát"
12;7;7;"Karel";"Kratochvíle";"Ing.";"";62;"øeditel Zemského høebèince Písek, senátor P ÈR";"Písek";549240;7;7;"A";3395;8.97;8.97103900221963;0;0;0;0;0;0;0;"Èeská strana sociálnì demokratická"
12;8;53;"Tomáš";"Fiala";"MUDr. Bc.";"MBA";63;"lékaø, øeditel nemocnice";"Strakonice";550787;99;53;"A";10538;27.84;27.84589366874537;2;0;8238;50.13;50.13693627898484;1;0;"Obèanská demokratická strana"
12;9;1227;"Miroslav";"Ušatı";"Ing.";"";54;"starosta";"Albrechtice nad Vltavou";549258;99;1227;"A";1432;3.78;3.78395518444139;0;0;0;0;0;0;0;"Trikolóra hnutí obèanù"
12;10;80;"Miroslav";"Šobr";"";"";54;"úøedník";"Volenice";551961;99;80;"A";1494;3.94;3.94778564633759;0;0;0;0;0;0;0;"Nezávislı kandidát"
12;11;1;"Luboš";"Peterka";"Ing.";"";55;"starosta";"Radomyšl";551660;99;1;"A";5681;15.01;15.01162667794102;2;0;8193;49.86;49.86306372101515;0;0;"KDU-ÈSL"
15;1;7;"Milan";"Štìch";"";"";66;"senátor";"Lišov";544779;7;7;"A";11581;31.22;31.22573339085418;2;0;7649;47.56;47.5624922273349;0;0;"Èeská strana sociálnì demokratická"
15;2;1229;"Stanislav";"Mrvka";"Ing.";"";67;"bıvalı starosta J. Hradce a velitel záchr. útvaru";"Jindøichùv Hradec";545881;1229;1229;"A";7056;19.02;19.02502157031924;0;0;0;0;0;0;0;"Zmìna 2020"
15;3;768;"Vítìzslav";"Jandák";"";"";73;"èlen Rady Èeského rozhlasu, herec";"Chlum u Tøebonì";546461;99;768;"A";4486;12.09;12.09555651423641;0;0;0;0;0;0;0;"ANO 2011"
15;4;714;"Jaroslav";"Chalupskı";"Ing.";"";46;"manaer kvality, radní mìsta, ekonom a podnikatel";"Jindøichùv Hradec";545881;99;714;"A";8731;23.54;23.54130716134598;2;0;8433;52.43;52.43750777266509;1;0;"Svobodní"
15;5;1114;"Lubomír";"Pána";"doc. PhDr. Mgr.";"Ph.D., dr. h. c.";69;"emeritní rektor vysoké školy";"Èeské Budìjovice";544256;1114;1114;"A";2561;6.9;6.90519844693701;0;0;0;0;0;0;0;"Svoboda a pøímá demokracie (SPD)"
15;6;47;"Pavel";"Hodáè";"";"";51;"jednatel spoleènosti v oblasti strojírenské vıroby";"Pelhøimov";547492;47;47;"A";2673;7.2;7.20718291630716;0;0;0;0;0;0;0;"Komunistická strana Èech a Moravy"
18;1;7;"Stanislav";"Holobrada";"MUDr.";"";59;"øeditel nemocnice";"Dobøíš";540111;7;7;"A";7083;16.13;16.13991113136607;0;0;0;0;0;0;0;"Èeská strana sociálnì demokratická"
18;2;1449;"Jiøina";"Rosáková";"PhDr.";"";64;"scénáristka";"Mníšek pod Brdy";540765;99;5;"A";1999;4.55;4.55508715962173;0;0;0;0;0;0;0;"Koalice Zelení a SEN 21"
18;3;720;"Simona";"Luftová";"Mgr.";"";47;"uèitelka a projektová manaerka";"Pøíbram";539911;720;720;"A";6763;15.41;15.41073259655918;0;0;0;0;0;0;0;"Èeská pirátská strana"
18;4;47;"Jindøich";"Havelka";"Mgr.";"DiS.";46;"øidiè záchranáø";"Trhové Dušníky";598429;47;47;"A";3337;7.6;7.60396490828301;0;0;0;0;0;0;0;"Komunistická strana Èech a Moravy"
18;5;1114;"Jiøí";"Novotnı";"Bc.";"";44;"odbornı pracovník Úøadu práce ÈR";"Pøíbram";539911;1114;1114;"A";2770;6.31;6.31195169192206;0;0;0;0;0;0;0;"Svoboda a pøímá demokracie (SPD)"
18;6;166;"Petr";"Štìpánek";"";"";56;"starosta obce, dobrovolnı hasiè";"Petrovice";541044;166;166;"A";9646;21.98;21.98017545858493;2;0;11372;70.18;70.18453372832191;1;0;"STAROSTOVÉ A NEZÁVISLÍ"
18;7;721;"Václav";"Švenda";"Mgr.";"";46;"zástupce øeditele SŠ, podnikatel, zastupitel";"Pøíbram";539911;721;721;"A";5178;11.79;11.79902016634385;0;0;0;0;0;0;0;"TOP 09"
18;8;53;"Jiøí";"Burian";"Ing.";"";71;"senátor PÈR";"Sedlèany";541281;53;53;"A";7109;16.19;16.19915688731912;2;0;4831;29.81;29.81546627167808;0;0;"Obèanská demokratická strana"
21;1;1452;"Miloslav";"Ludvík";"JUDr. Ing.";"MBA";57;"øeditel Fakultní nemocnice v Motole";"Praha";1;7;7;"A";5425;13.49;13.49905444411267;0;0;0;0;0;0;0;"Koalice ÈSSD a hnutí ANO 2011"
21;2;1329;"Michael";"antovskı";"Mgr.";"";71;"diplomat, autor, politik, øed. Knihovny V. Havla";"Praha";1;99;721;"A";15929;39.63;39.63620981387478;2;0;12028;45.62;45.62801107696976;0;0;"Michael antovskı Svoboda a demokracie"
21;3;1177;"Jan";"Kubín";"Ing.";"";56;"podnikatel, místopøedseda hnutí CESTA";"Praha";1;1177;1177;"A";365;.9;.9082313128297;0;0;0;0;0;0;0;"CESTA ODPOVÌDNÉ SPOLEÈNOSTI"
21;4;1114;"Milan";"Wünsche";"";"";63;"specialista v oboru umìlé inteligence";"Praha";1;1114;1114;"A";1328;3.3;3.30446899572011;0;0;0;0;0;0;0;"Svoboda a pøímá demokracie (SPD)"
21;5;1227;"Mansoor";"Maitah";"prof. Ing.";"Ph.D. et Ph.D.";58;"vysokoškolskı pedagog";"Praha";1;1227;1227;"A";1408;3.5;3.50353339305265;0;0;0;0;0;0;0;"Trikolóra hnutí obèanù"
21;6;47;"Roman";"Blaško";"";"";51;"redaktor Haló novin, fotograf";"Lubomìø";599646;93;47;"A";686;1.7;1.7069772071265;0;0;0;0;0;0;0;"Komunistická strana Èech a Moravy"
21;7;1187;"Václav";"Láska";"Mgr.";"";46;"advokát a senátor s podporou ÈPS, KDU-ÈSL, SZ";"Praha";1;1187;1187;"A";15047;37.44;37.44152483328356;2;0;14333;54.37;54.37198892303023;1;0;"SENÁTOR 21"
24;1;785;"Filip";"Smoljak";"Bc.";"";54;"sociální pracovník, øeditel soc.sluby, filantrop";"Praha";1;99;785;"A";1249;3.59;3.59558971701643;0;0;0;0;0;0;0;"Zdraví Sport Prosperita"
24;2;1114;"Vítìzslav";"Novák";"";"";47;"ivnostník";"Praha 8";500208;1114;1114;"A";1526;4.39;4.3930103348015;0;0;0;0;0;0;0;"Svoboda a pøímá demokracie (SPD)"
24;3;210;"Eduard";"Stehlík";"plk. gšt. v záloze PhDr.";"Ph.D., MBA";55;"vojenskı historik, øeditel Památníku Lidice";"Praha 6";500178;99;53;"A";10489;30.19;30.19546880847511;2;0;9164;45.14;45.14285714285714;0;0;"Koalice ODS a KDU-ÈSL"
24;4;715;"Lucie Frederika";"Groene Odkolek";"";"";50;"pøed.správní rady Nadaèní fond Odkolek,scénáristka";"Praha 9 - Vysoèany";999997;99;715;"A";508;1.46;1.46241759507153;0;0;0;0;0;0;0;"Demokratická strana zelenıch - ZA PRÁVA ZVÍØAT"
24;5;1116;"Ladislav";"Pavlíèek";"";"";48;"øidiè";"Kropáèova Vrutice";536181;99;1116;"A";150;.43;.43181621901718;0;0;0;0;0;0;0;"Národ Sobì"
24;6;47;"Pavel";"Franìk";"Ing.";"";74;"specialista v obl.regionální politiky a cest.ruchu";"Praha";1;47;47;"A";843;2.42;2.42680715087658;0;0;0;0;0;0;0;"Komunistická strana Èech a Moravy"
24;7;7;"David";"Pavlát";"PhDr.";"Ph.D.";40;"historik moderních èeskıch dìjin a tiskovı mluvèí";"Praha 9";500216;7;7;"A";1684;4.84;4.84785675216627;0;0;0;0;0;0;0;"Èeská strana sociálnì demokratická"
24;8;1231;"Zdenìk";"Hostomskı";"RNDr. PhDr.";"CSc.";67;"biochemik a øeditel vızkumné instituce";"Praha 2 - Vinohrady";999997;1231;1231;"A";1091;3.14;3.14074329965166;0;0;0;0;0;0;0;"Alternativa pro nezávislé kandidáty 2020-ANK 2020"
24;9;762;"Vladimíra";"Vítová";"PhDr.";"Ph.D.";57;"pøedsedkynì ALIANCE NÁRODNÍCH SIL";"Praha 10";500224;762;762;"A";257;.73;.73984512191611;0;0;0;0;0;0;0;"ALIANCE NÁRODNÍCH SIL"
24;10;1472;"David";"Smoljak";"";"";61;"scénárista, publicista, senátor";"Praha-Vinoø";539007;166;166;"A";14893;42.87;42.8735929988197;2;0;11136;54.85;54.85714285714285;1;0;"David Smoljak, koalice STAN + Piráti + TOP 09"
24;11;1227;"Václav";"Krása";"Mgr.";"";68;"pøedseda neziskové organizace";"Chınì";539309;1227;1227;"A";2047;5.89;5.89285200218786;0;0;0;0;0;0;0;"Trikolóra hnutí obèanù"
27;1;720;"Robert";"Veverka";"";"";43;"vydavatel, podnikatel, zastupitel MÈ Praha 2";"Praha";1;99;720;"A";2949;9.18;9.18519902821902;0;0;0;0;0;0;0;"Èeská pirátská strana"
27;2;1227;"Ivo";"Budil";"prof. RNDr.";"Ph.D., DSc.";55;"vysokoškolskı pedagog";"Praha 4";500119;1227;1227;"A";1324;4.12;4.12383978072634;0;0;0;0;0;0;0;"Trikolóra hnutí obèanù"
27;3;9;"Václav";"Fischer";"";"";66;"podnikatel";"Praha 1";500054;99;9;"A";725;2.25;2.25814489503519;0;0;0;0;0;0;0;"Nezávislá iniciativa (NEI)"
27;4;1461;"Václav";"Hampl";"prof. RNDr.";"DrSc.";58;"senátor, prof. 2. lék.fakulty, emeritní rektor UK";"Praha";1;99;1;"A";6579;20.49;20.49149691646421;2;0;7481;36.03;36.03564547206165;0;0;"PRAHA SOBÌ, KDU-ÈSL, ZELENÍ, SENÁTOR 21"
27;5;86;"Petr";"Fejk";"PhDr.";"";56;"manaer, bıvalı øeditel Zoo Praha";"Praha 2";500089;99;86;"A";2827;8.8;8.80520774933034;0;0;0;0;0;0;0;"Iniciativa obèanù"
27;6;1114;"Milan";"Urban";"Dr.- Ing.";"";60;"architekt";"Praha 4";500119;99;1114;"A";1068;3.32;3.32648103158288;0;0;0;0;0;0;0;"Svoboda a pøímá demokracie (SPD)"
27;7;7;"Jakub";"Štìdroò";"Mgr.";"Ph.D.";41;"øeditel kulturní organizace";"Praha 6";500178;7;7;"A";1041;3.24;3.24238460100915;0;0;0;0;0;0;0;"Èeská strana sociálnì demokratická"
27;8;1329;"Miroslava";"Nìmcová";"";"";67;"poslankynì Parlamentu ÈR";"ïár nad Sázavou";595209;53;53;"A";15593;48.56;48.56724599763284;2;0;13279;63.96;63.96435452793834;1;0;"Koalice ODS, TOP 09 a STAN s podporou LES"
30;1;53;"Petr";"Bendl";"Ing.";"";54;"soukromı zemìdìlec, poslanec PÈR";"Bratronice";532142;53;53;"A";6086;14.1;14.10853791408767;2;0;6378;32.86;32.86104384563862;0;0;"Obèanská demokratická strana"
30;2;1184;"Nadìda";"Zímová";"Ing.";"";58;"daòovı poradce";"Kladno";532053;1184;1184;"A";236;.54;.54709414191992;0;0;0;0;0;0;0;"Radostné Èesko"
30;3;77;"Milan";"Volf";"Mgr.";"";57;"OSVÈ";"Kladno";532053;727;77;"A";5227;12.11;12.11720796531979;0;0;0;0;0;0;0;"Èeská pravice"
30;4;1116;"Michal";"Oliva";"";"";47;"OSVÈ";"Kladno";532053;1125;1116;"A";172;.39;.39872962885689;0;0;0;0;0;0;0;"Národ Sobì"
30;5;166;"Markéta";"Fröhlichová";"";"";44;"starostka obce Krušovice";"Krušovice";541974;99;166;"A";3553;8.23;8.23654867051487;0;0;0;0;0;0;0;"STAROSTOVÉ A NEZÁVISLÍ"
30;6;720;"Adéla";"Šípová";"Mgr.";"";40;"advokátka";"Doksy";532223;99;720;"A";7680;17.8;17.8037415675638;2;0;13031;67.13;67.13895615436137;1;0;"Èeská pirátská strana"
30;7;1469;"Jiøí";"Dienstbier";"Mgr.";"";51;"senátor, advokát";"Praha 2";500089;7;7;"A";3799;8.8;8.80682476760089;0;0;0;0;0;0;0;"ZÁSADOVOST, SPRAVEDLNOST -ÈSSD, Zelení, Budoucnost"
30;8;47;"Miloslava";"Vostrá";"Ing. Bc.";"";55;"poslankynì Parlamentu Èeské republiky";"Braškov";532126;47;47;"A";2588;5.99;5.99948999698634;0;0;0;0;0;0;0;"Komunistická strana Èech a Moravy"
30;9;1114;"Václav";"Bošek";"Mgr.";"MBA";43;"zástupce øeditele mezinárodní spoleènosti";"Kladno";532053;99;1114;"A";1865;4.32;4.3234346384774;0;0;0;0;0;0;0;"Svoboda a pøímá demokracie (SPD)"
30;10;1227;"Jiøí";"Landa";"MUDr.";"";64;"lékaø";"Kladno";532053;1227;1227;"A";1800;4.17;4.17275192989776;0;0;0;0;0;0;0;"Trikolóra hnutí obèanù"
30;11;714;"David";"Bohbot";"";"";52;"bezpeènostní expert";"Praha 11";547034;99;714;"A";566;1.31;1.31209866240118;0;0;0;0;0;0;0;"Svobodní"
30;12;768;"Michaela";"Vojtová";"Ing.";"";52;"ekonomka";"Kladno";532053;99;768;"A";5026;11.65;11.65125066648121;0;0;0;0;0;0;0;"ANO 2011"
30;13;1058;"Ondøej";"Závodskı";"JUDr.";"Ph.D.";40;"právník";"Praha 4";500119;99;1;"A";4539;10.52;10.5222894498922;0;0;0;0;0;0;0;"Koalice KDU-ÈSL a TOP 09"
33;1;1164;"Zbynìk";"Linhart";"Ing.";"";51;"senátor, místostarosta";"Krásná Lípa";562611;99;166;"A";15787;52.77;52.77109239203102;1;0;0;0;0;0;0;"Senátor Èeského Švıcarska za starosty"
33;2;1118;"Vladimír";"Navara";"Mgr.";"";54;"podnikatel";"Velké Bøezno";568350;1118;1118;"A";288;.96;.96269554753309;0;0;0;0;0;0;0;"VOK - Volba pro kraj"
33;3;1114;"Leoš";"Moravec";"PhDr. Mgr.";"MSc.";40;"øeditel dìtského domova, radní mìsta Rumburk";"Rumburk";562777;99;1114;"A";3365;11.24;11.24816151891964;0;0;0;0;0;0;0;"Svoboda a pøímá demokracie (SPD)"
33;4;47;"Václav";"Šenkıø";"Doc. Dr.";"CSc.";79;"organizaèní a ekonomickı poradce";"Dìèín";562335;47;47;"A";1171;3.91;3.91429335472656;0;0;0;0;0;0;0;"Komunistická strana Èech a Moravy"
33;5;704;"Šárka";"Štruplová Rùièková";"Mgr.";"MBA";44;"øeditelka domu kultury";"Rumburk";562777;704;704;"A";1318;4.4;4.40566920711325;0;0;0;0;0;0;0;"Severoèeši.cz"
33;6;768;"Jiøí";"Andìl";"Ing.";"CSc.";62;"námìstek primátora";"Dìèín";562335;99;768;"A";5728;19.14;19.14694477871373;0;0;0;0;0;0;0;"ANO 2011"
33;7;1227;"Zdenìk";"Øíha";"";"";46;"vysokoškolskı uèitel";"Dìèín";562335;1227;1227;"A";2259;7.55;7.55114320096269;0;0;0;0;0;0;0;"Trikolóra hnutí obèanù"
36;1;1047;"Petr";"Skokan";"";"";57;"stavební technik";"Èeská Lípa";561380;1047;1047;"A";2547;7.23;7.23558989801426;0;0;0;0;0;0;0;"SPOLEHNUTÍ - SPOLEÈNÉ HNUTÍ ÈESKOLIPANÙ"
36;2;80;"Jan";"Riedl";"JUDr.";"";67;"advokát";"Èeská Lípa";561380;99;80;"A";3056;8.68;8.68157154626289;0;0;0;0;0;0;0;"JUDr. JAN RIEDL - NEZÁVISLİ KANDIDÁT"
36;3;720;"Petr";"Jeník";"";"";41;"úèetní, IT specialista";"Èeská Lípa";561380;720;720;"A";3568;10.13;10.13607567966819;0;0;0;0;0;0;0;"Èeská pirátská strana"
36;4;53;"Vít";"Vomáèka";"Ing.";"MBA";60;"starosta";"Kravaøe";561720;99;53;"A";5381;15.28;15.28649754268344;2;0;6228;47.12;47.12469733656174;0;0;"Obèanská demokratická strana"
36;5;47;"Miloš";"Tita";"Ing.";"";63;"komisaø poární ochrany";"Ralsko";562017;99;47;"A";2310;6.56;6.56231357063719;0;0;0;0;0;0;0;"Komunistická strana Èech a Moravy"
36;6;1227;"Jiøí";"Štìrba";"";"";64;"starosta";"Provodín";561983;1227;1227;"A";1243;3.53;3.53114968324763;0;0;0;0;0;0;0;"Trikolóra hnutí obèanù"
36;7;1443;"Libor";"Šmejda";"Mgr. et Mgr.";"MBA";55;"øeditel školy";"Èeská Lípa";561380;99;721;"A";2221;6.3;6.3094798443226;0;0;0;0;0;0;0;"Spoleènì pro Senát"
36;8;1164;"Jiøí";"Voseckı";"";"";69;"skláø, vèelaø, senátor, regionální patriot";"Okrouhlá";561894;703;703;"A";10418;29.59;29.5957501207352;2;0;6988;52.87;52.87530266343825;1;0;"Starostové"
36;9;7;"Jaroslav";"Køupala";"";"";48;"starosta obce Vrchovany";"Vrchovany";562238;7;7;"A";1775;5.04;5.04247038436408;0;0;0;0;0;0;0;"Èeská strana sociálnì demokratická"
36;10;1114;"Libor";"Køenek";"";"";53;"ivnostník v oblasti nemovitostí a financí";"Chlum";561614;1114;1114;"A";2682;7.61;7.61910173006448;0;0;0;0;0;0;0;"Svoboda a pøímá demokracie (SPD)"
39;1;166;"Jan";"Sobotka";"Ing.";"";59;"starosta mìsta Vrchlabí";"Vrchlabí";579858;99;166;"A";14839;41.71;41.71070384528895;2;0;12140;74.58;74.58376850771026;1;0;"STAROSTOVÉ A NEZÁVISLÍ"
39;2;1114;"Michal";"Slavka";"";"";47;"nástrojaø";"Trutnov";579025;1114;1114;"A";3250;9.13;9.13537216100742;0;0;0;0;0;0;0;"Svoboda a pøímá demokracie (SPD)"
39;3;53;"Klára";"Sovová";"Mgr.";"";54;"advokátka";"Pec pod Snìkou";579581;53;53;"A";8142;22.88;22.88621542612997;0;0;0;0;0;0;0;"Obèanská demokratická strana"
39;4;768;"Jan";"Jarolím";"Ing.";"";46;"starosta mìsta Dvùr Králové nad Labem";"Dvùr Králové nad Labem";579203;768;768;"A";9345;26.26;26.26770856757364;2;0;4137;25.41;25.41623149228973;0;0;"ANO 2011"
42;1;53;"Michal";"Zapletal";"Mgr.";"";51;"soukromník, OSVÈ";"Kolín";533165;53;53;"A";6451;14.41;14.41983145941837;0;0;0;0;0;0;0;"Obèanská demokratická strana"
42;2;80;"Emilie";"Tøísková";"";"";58;"øeditelka centra sociálních a zdravotních slueb";"Podìbrady";537683;99;80;"A";5295;11.83;11.83584057938619;0;0;0;0;0;0;0;"Nezávislı kandidát"
42;3;47;"Martin";"Škorpík";"Ing.";"";58;"stavební projektant";"Kolín";533165;47;47;"A";2186;4.88;4.88633569528578;0;0;0;0;0;0;0;"Komunistická strana Èech a Moravy"
42;4;80;"Jiøí";"Otta";"Ing.";"";58;"OSVÈ, v letech 1994-2010 starosta obce Velkı Osek";"Kolín";533165;99;80;"A";1091;2.43;2.43869727518608;0;0;0;0;0;0;0;"Nezávislı kandidát"
42;5;720;"Cyril";"Koky";"Mgr.";"MPA";51;"odbornı referent Krajského úøadu SK";"Kolín";533165;720;720;"A";4173;9.32;9.32784943111965;0;0;0;0;0;0;0;"Èeská pirátská strana"
42;6;7;"Karel";"Otava";"Ing.";"";69;"starosta mìsta Lysá nad Labem";"Lysá nad Labem";537454;7;7;"A";1195;2.67;2.67116704293984;0;0;0;0;0;0;0;"Èeská strana sociálnì demokratická"
42;7;1470;"Tomáš";"Klineckı";"Mgr.";"";40;"místostarosta Èeského Brodu, advokát";"Èeskı Brod";533271;721;721;"A";4603;10.28;10.28902250933232;0;0;0;0;0;0;0;"Tomáš Klineckı - TOP 09, Hlas, Zelení"
42;8;768;"Igor";"Karen";"MUDr.";"";56;"lékaø";"Lysá nad Labem";537454;768;768;"A";6627;14.81;14.81324183561705;2;0;3923;20.51;20.51778242677824;0;0;"ANO 2011"
42;9;1227;"Ivanka";"Kohoutová";"PhDr.";"Ph.D.";63;"øeditelka støední školy";"Zlatá";513644;99;1227;"A";1630;3.64;3.64351655229452;0;0;0;0;0;0;0;"Trikolóra hnutí obèanù"
42;10;1114;"Petr";"antovskı";"doc. Mgr.";"Ph.D.";58;"novináø, vysokoškolskı pedagog";"Rudná";531723;99;1114;"A";2515;5.62;5.62174486442989;0;0;0;0;0;0;0;"Svoboda a pøímá demokracie (SPD)"
42;11;166;"Pavel";"Kárník";"Mgr.";"";60;"øeditel knihovny";"Kolín";533165;99;166;"A";8971;20.05;20.05275275499027;2;0;15197;79.48;79.48221757322175;1;0;"STAROSTOVÉ A NEZÁVISLÍ"
45;1;53;"Pavel";"Stanìk";"JUDr.";"";47;"advokát";"Pøedmìøice nad Labem";570672;53;53;"A";5993;13.61;13.6189069423929;0;0;0;0;0;0;0;"Obèanská demokratická strana"
45;2;1227;"Petr";"Brábník";"";"";51;"OSVÈ - manager obch. skupiny";"Novı Bydov";570508;1227;1227;"A";1463;3.32;3.32462220202249;0;0;0;0;0;0;0;"Trikolóra hnutí obèanù"
45;3;1463;"Jan";"Holásek";"JUDr.";"LL.M.";47;"právník, zastupitel mìsta Hradec Králové";"Hradec Králové";569810;99;1049;"A";7445;16.91;16.9185319850017;2;0;15138;70.23;70.23942093541202;1;0;"Jan Holásek - spoleènı kandidát"
45;4;785;"Vladimír";"Dryml";"MUDr.";"";68;"lékaø";"Vrchlabí";579858;99;785;"A";517;1.17;1.17486649244404;0;0;0;0;0;0;0;"Zdraví Sport Prosperita"
45;5;1;"Jan";"Èáp";"prof. MUDr.";"CSc.";67;"lékaø, VŠ uèitel";"Hradec Králové";569810;1;1;"A";4075;9.26;9.26031132825815;0;0;0;0;0;0;0;"KDU-ÈSL"
45;6;1114;"Markéta";"Pakandlová";"JUDr.";"";59;"advokátka";"Hradec Králové";569810;99;1114;"A";2194;4.98;4.98579706851494;0;0;0;0;0;0;0;"Svoboda a pøímá demokracie (SPD)"
45;7;47;"Lubomír";"Štìpán";"Ing.";"";66;"stavební projektant";"Hradec Králové";569810;47;47;"A";1996;4.53;4.53584819906828;0;0;0;0;0;0;0;"Komunistická strana Èech a Moravy"
45;8;720;"Pavel";"Vacek";"doc. PhDr.";"Ph.D.";72;"emeritní dìkan PdF UHK, psycholog, zastupitel";"Hradec Králové";569810;99;720;"A";6033;13.7;13.70980570389728;0;0;0;0;0;0;0;"Èeská pirátská strana"
45;9;80;"Jaroslav";"Malı";"prof. MUDr.";"CSc.";73;"lékaø, senátor";"Hradec Králové";569810;99;80;"A";4342;9.86;9.86706056129985;0;0;0;0;0;0;0;"Nezávislı kandidát"
45;10;768;"Jiøí";"Mašek";"MUDr.";"";62;"lékaø, poslanec PSP ÈR";"Hradec Králové";569810;768;768;"A";8587;19.51;19.51369162595159;2;0;6414;29.76;29.76057906458797;0;0;"ANO 2011"
45;11;80;"Igor";"Indrák";"";"";44;"obchodnì - technickı pracovník";"Skøivany";570834;99;80;"A";1360;3.09;3.09055789114873;0;0;0;0;0;0;0;"Nezávislı kandidát"
48;1;1227;"Jiøí";"Matoušek";"Mgr.";"MPA";41;"jednatel spoleènosti";"Javornice";576336;1227;1227;"A";1629;4.19;4.19218693705285;0;0;0;0;0;0;0;"Trikolóra hnutí obèanù"
48;2;47;"Josef";"Lukášek";"PaedDr.";"";68;"støedoškolskı pedagog";"Bystré";576166;47;47;"A";2491;6.41;6.41052035616861;0;0;0;0;0;0;0;"Komunistická strana Èech a Moravy"
48;3;80;"Drahoslav";"Chudoba";"";"";55;"jednatel spoleènosti";"Rychnov nad Knìnou";576069;99;80;"A";2686;6.91;6.91234752174584;0;0;0;0;0;0;0;"Nezávislı kandidát"
48;4;7;"František";"Mencl";"brig. gen. Ing.";"";65;"øeditel Hasièského záchranného sboru KHK";"Hradec Králové";569810;99;7;"A";2500;6.43;6.43368160996448;0;0;0;0;0;0;0;"Èeská strana sociálnì demokratická"
48;5;1431;"Jan";"Grulich";"Mgr.";"";45;"øeditel ZŠ a MŠ Trivium Plus, krajskı zastupitel";"Sedloòov";576743;721;721;"A";9472;24.37;24.37593288383344;2;0;11432;59.65;59.65040438298982;1;0;"Jan Grulich - senátor z hor"
48;6;1235;"Miroslav";"Antl";"JUDr.";"";65;"senátor P ÈR, VŠ pedagog";"Hradec Králové";569810;1235;1235;"A";10275;26.44;26.44243141695403;2;0;7733;40.34;40.34959561701017;0;0;"ZA OBÈANY"
48;7;53;"Jana";"Drejslová";"Mgr.";"";57;"místostarostka mìsta Rychnov n. K., krajská zast.";"Rychnov nad Knìnou";576069;99;53;"A";7369;18.96;18.96391991353131;0;0;0;0;0;0;0;"Obèanská demokratická strana"
48;8;1114;"Vladimíra";"Lesenská";"Ing.";"";56;"øeditelka Kontaktního pracovištì Ústí n. O. ÚP ÈR";"Tıništì nad Orlicí";576859;99;1114;"A";2436;6.26;6.26897936074939;0;0;0;0;0;0;0;"Svoboda a pøímá demokracie (SPD)"
51;1;1114;"Bohumil";"Kasal";"Ing.";"";64;"univerzitní profesor";"Praha 6";500178;99;1114;"A";1644;4.78;4.78338037184672;0;0;0;0;0;0;0;"Svoboda a pøímá demokracie (SPD)"
51;2;768;"Libor";"Èernı";"JUDr.";"";52;"poradce ministra";"Nové Mìsto na Moravì";596230;99;768;"A";5018;14.6;14.60036660944455;0;0;0;0;0;0;0;"ANO 2011"
51;3;47;"Zdenìk";"Støíteckı";"Mgr. Bc.";"";50;"podnikovı právník";"Trnava";591840;47;47;"A";1503;4.37;4.37312694579417;0;0;0;0;0;0;0;"Komunistická strana Èech a Moravy"
51;4;1469;"Michal";"Šmarda";"";"";45;"starosta";"Nové Mìsto na Moravì";596230;7;7;"A";8691;25.28;25.28732287817509;2;0;7198;40.18;40.18759421584501;0;0;"SILNİ HLAS Z VYSOÈINY - ÈSSD, Zelení, Budoucnost"
51;5;1238;"Ivana";"Horká";"Ing. Bc.";"";57;"OSVÈ";"Velké Meziøíèí";597007;1238;1238;"A";6853;19.93;19.93948034566033;0;0;0;0;0;0;0;"Nezávislá kandidátka"
51;6;1;"Josef";"Klement";"Ing.";"";49;"místostarosta mìsta ïár nad Sázavou";"ïár nad Sázavou";595209;99;1;"A";10660;31.01;31.01632284907911;2;0;10713;59.81;59.81240578415498;1;0;"KDU-ÈSL"
54;1;80;"Bohumila";"Beranová";"";"";47;"OSVÈ";"Znojmo";593711;99;80;"A";1778;5.88;5.88800211941583;0;0;0;0;0;0;0;"Nezávislı kandidát"
54;2;768;"Martin";"Pavlík";"MUDr.";"Ph.D., EDIC, DESA";50;"øeditel Nemocnice Znojmo, lékaø intenziv. medicíny";"Brno";582786;99;768;"A";6094;20.18;20.18081266350962;0;0;0;0;0;0;0;"ANO 2011"
54;3;158;"Jan";"Grois";"";"";40;"starosta mìsta Znojma";"Znojmo";593711;7;158;"A";7778;25.75;25.75752558201145;2;0;8723;45.42;45.42992552471225;0;0;"Starostové a osobnosti pro Moravu"
54;4;1329;"Tomáš";"Tøetina";"Mgr.";"";48;"starosta Moravského Krumlova";"Moravskı Krumlov";594482;721;721;"A";9172;30.37;30.37387819982117;2;0;10478;54.57;54.57007447528774;1;0;"Spoleènì pro Znojemsko"
54;5;1114;"Rùena";"Šalomonová";"Mgr.";"";66;"øeditelka spoleè., zakl. Rady seniorù Mìsta Znojma";"Znojmo";593711;1114;1114;"A";2226;7.37;7.37159320462297;0;0;0;0;0;0;0;"Svoboda a pøímá demokracie (SPD)"
54;6;1227;"Vladimír";"eleznı";"PhDr.";"";75;"podnikatel";"Praha";554782;99;1227;"A";868;2.87;2.87445772758883;0;0;0;0;0;0;0;"Trikolóra hnutí obèanù"
54;7;47;"Pavel";"Kováèik";"Ing.";"";65;"poslanec Parlamentu Èeské republiky";"Tøebíè";590266;47;47;"A";2281;7.55;7.5537305030301;0;0;0;0;0;0;0;"Komunistická strana Èech a Moravy"
57;1;7;"Ivo";"Bárek";"Ing.";"";58;"senátor";"Vyškov";592889;7;7;"A";9579;22.17;22.17823157602278;0;0;0;0;0;0;0;"Èeská strana sociálnì demokratická"
57;2;1327;"Jaroslav";"Klaška";"Ing. arch.";"";58;"architekt";"Šlapanice";583952;1;1;"A";11955;27.67;27.67937764812113;2;0;8204;49.91;49.9178582293885;0;0;"SPOJME SÍLY, Koalice KDU-ÈSL, ODS a TOP 09"
57;3;1114;"Libor";"Bláha";"Mgr.";"MBA";40;"vysokoškolskı pedagog, jednatel spoleènosti";"Vyškov";592889;1114;1114;"A";3589;8.3;8.30960153735731;0;0;0;0;0;0;0;"Svoboda a pøímá demokracie (SPD)"
57;4;768;"Lubomír";"Wenzl";"Mgr. Ing.";"";52;"øeditel nemocnice";"Drnovice";593001;768;768;"A";6341;14.68;14.6812993447709;0;0;0;0;0;0;0;"ANO 2011"
57;5;166;"Karel";"Zitterbart";"MUDr.";"Ph.D.";41;"dìtskı lékaø a onkolog";"Mokrá-Horákov";583405;99;166;"A";11727;27.15;27.15148989372785;2;0;8231;50.08;50.08214177061149;1;0;"STAROSTOVÉ A NEZÁVISLÍ"
60;1;1459;"Anna";"Šabatová";"Mgr.";"Ph.D.";69;"bıvalá ombudsmanka";"Praha";1;99;5;"A";7937;17.94;17.94726845151953;2;0;8085;42.28;42.28335338109931;0;0;"ZELENÍ, SENÁTOR 21 a IDEALISTÉ"
60;2;785;"Bohuslav";"Chalupa";"Ing.";"";60;"OSVÈ";"Brno";3;99;785;"A";423;.95;.95649421128798;0;0;0;0;0;0;0;"Zdraví Sport Prosperita"
60;3;1116;"Oldøich";"Duchoò";"";"";57;"jednatel firmy";"Brno";3;99;1116;"A";209;.47;.47259406657018;0;0;0;0;0;0;0;"Národ Sobì"
60;4;1114;"Tomáš";"Anderle";"Mgr. Bc.";"MBA, LL.M.";47;"øeditel speciální SŠ, zastupitel MÈ Brno-idenice";"Brno";3;1114;1114;"A";2786;6.29;6.29974674384949;0;0;0;0;0;0;0;"Svoboda a pøímá demokracie (SPD)"
60;5;1190;"Pavel";"Trèala";"";"";42;"majitel sportovní firmy, lyaø, horolezec";"Brno";3;1190;1190;"A";1391;3.14;3.1453509406657;0;0;0;0;0;0;0;"Moravské zemské hnutí"
60;6;720;"Jiøí";"Kadeøávek";"Ing.";"";50;"programátor, analytik, manaer, zakladatel ÈPS";"Sivice";583863;720;720;"A";6505;14.7;14.70920767004341;0;0;0;0;0;0;0;"Èeská pirátská strana"
60;7;768;"Karel";"Rais";"prof. Ing.";"CSc., MBA";70;"poslanec, VŠ profesor";"Brno";3;99;768;"A";7047;15.93;15.93478654124457;0;0;0;0;0;0;0;"ANO 2011"
60;8;1194;"Lukáš";"Berta";"MgA.";"";41;"IT specialista, èlen organiz. tımu Vokolo priglu";"Brno";3;99;1194;"A";916;2.07;2.07127351664254;0;0;0;0;0;0;0;""Marek Hilšer do Senátu""
60;9;1;"Tomáš";"Tomáš";"MUDr.";"Ph.D.";52;"lékaø, pøednosta I. ortop. kliniky FN u sv. Anny";"Brno";3;1;1;"A";5920;13.38;13.38639652677279;0;0;0;0;0;0;0;"KDU-ÈSL"
60;10;1227;"Richard";"Novák";"JUDr.";"";58;"advokát, myslivec";"Velké Nìmèice";585009;1227;1227;"A";1429;3.23;3.23127713458755;0;0;0;0;0;0;0;"Trikolóra hnutí obèanù"
60;11;687;"Roman";"Kraus";"MUDr.";"MBA";64;"lékaø";"Brno";3;53;53;"A";9661;21.84;21.8456041968162;2;0;11036;57.71;57.71664661890068;1;0;"Koalice ODS a TOP 09"
63;1;1114;"Dan";"Chromec";"";"";49;"technickı pracovník ve zdravotnickıch slubách";"Pøerov";511382;1114;1114;"A";2762;7.74;7.74146532877403;0;0;0;0;0;0;0;"Svoboda a pøímá demokracie (SPD)"
63;2;1116;"Jaroslav";"Pollák";"JUDr.";"";69;"senior - OSVÈ";"Kaplice";545562;1116;1116;"A";68;.19;.19059364314143;0;0;0;0;0;0;0;"Národ Sobì"
63;3;768;"Petr";"Vrána";"Ing.";"";45;"námìstek hejtmana Olomouckého kraje";"Pøerov";511382;768;768;"A";7371;20.65;20.65979034699254;2;0;8566;44.09;44.09781209781209;0;0;"ANO 2011"
63;4;53;"Tomáš";"Kocourek";"MUDr. Mgr.";"MBA";42;"lékaø zdr. záchr. sluby, èlen zast. mìsta Pøerova";"Pøerov";511382;99;53;"A";4549;12.75;12.75015415662312;0;0;0;0;0;0;0;"Obèanská demokratická strana"
63;5;7;"Jiøí";"Lajtoch";"Ing.";"PhD.";66;"emeritní primátor mìsta Pøerova";"Pøerov";511382;7;7;"A";1145;3.2;3.20926060877851;0;0;0;0;0;0;0;"Èeská strana sociálnì demokratická"
63;6;47;"Miroslav";"Raindl";"Mgr.";"";66;"dìtskı psycholog";"Hranice";513750;47;47;"A";1847;5.17;5.17685968944447;0;0;0;0;0;0;0;"Komunistická strana Èech a Moravy"
63;7;80;"Antonín";"Prachaø";"Ing.";"";57;"jednatel spoleènosti, dopravní expert";"Pøerov";511382;99;80;"A";2533;7.09;7.09961320701833;0;0;0;0;0;0;0;"Nezávislı kandidát"
63;8;1;"Jitka";"Seitlová";"RNDr.";"";66;"senátorka";"Lipník nad Beèvou";514705;1;1;"A";9566;26.81;26.81204103369022;2;0;10859;55.9;55.9021879021879;1;0;"KDU-ÈSL"
63;9;88;"Jiøí";"Kubala";"generálmajor v. v. Ing.";"";64;"vojenskı pilot ve vıslubì";"Rokytnice";517607;99;88;"A";636;1.78;1.78261113291103;0;0;0;0;0;0;0;"NEZÁVISLÍ"
63;10;1473;"Jiøí";"Kudláèek";"";"";61;"starosta";"Hranice";513750;1173;1227;"A";2058;5.76;5.76826055272156;0;0;0;0;0;0;0;"Koalice Trikolóra a ODA"
63;11;720;"Pavel";"Ondrùj";"";"";48;"org.kult.akcí a man.kultury, pøeds.nadaè.f. Blues";"Pøerov";511382;99;720;"A";3143;8.8;8.8093502999047;0;0;0;0;0;0;0;"Èeská pirátská strana"
66;1;1114;"Stanislav";"Kaláb";"Mgr.";"";69;"zastupitel Ol. kraje, pøed. Ol. kraj. fotbal.svazu";"Olomouc";500496;99;1114;"A";2206;5.74;5.74239900041649;0;0;0;0;0;0;0;"Svoboda a pøímá demokracie (SPD)"
66;2;53;"Radek";"Vincour";"Mgr.";"";53;"starosta Unièova, hudebník";"Unièov";505587;53;53;"A";6875;17.89;17.89618908788004;0;0;0;0;0;0;0;"Obèanská demokratická strana"
66;3;166;"Marek";"Ošádal";"";"";47;"starosta, hudebník (Stracené ráj), moderátor";"Náklo";504441;166;166;"A";10222;26.6;26.60870470637234;2;0;14006;68.76;68.76472898664571;1;0;"STAROSTOVÉ A NEZÁVISLÍ"
66;4;1;"František";"John";"RNDr. Mgr.";"Ph.D.";42;"starosta mìsta Zábøeh, odborník na iv. prostøedí";"Zábøeh";541354;1;1;"A";7101;18.48;18.48448563098708;0;0;0;0;0;0;0;"KDU-ÈSL"
66;5;1177;"Antonín";"Baudyš";"Bc.";"";47;"konzultant, Místopøedseda hnutí CESTA";"Šumperk";523704;1177;1177;"A";742;1.93;1.93148688046647;0;0;0;0;0;0;0;"CESTA ODPOVÌDNÉ SPOLEÈNOSTI"
66;6;768;"Jan";"Zahradníèek";"Ing.";"";60;"starosta";"Medlov";552372;768;768;"A";8622;22.44;22.44377342773844;2;0;6362;31.23;31.23527101335428;0;0;"ANO 2011"
66;7;7;"Jaroslav";"Vomáèka";"doc. MUDr.";"Ph.D., MBA";64;"lékaø, vysokoškolskı uèitel";"Litovel";503444;7;7;"A";2648;6.89;6.8929612661391;0;0;0;0;0;0;0;"Èeská strana sociálnì demokratická"
69;1;1118;"Pavel";"Olšovskı";"RNDr.";"Ph.D.";53;"vìdeckı pracovník, projektovı manaer, SŠ uèitel";"Frıdek-Místek";598003;99;1118;"A";1528;4.26;4.26553514599966;0;0;0;0;0;0;0;"VOK - Volba pro kraj"
69;2;1227;"Jaroslav";"Matıs";"MUDr.";"";60;"lékaø";"Frıdek-Místek";598003;99;1227;"A";1318;3.67;3.679303221484;0;0;0;0;0;0;0;"Trikolóra hnutí obèanù"
69;3;1127;"Pavol";"Lukša";"";"";58;"starosta obce";"Èeladná";598071;1127;1127;"A";2576;7.19;7.1911116073921;0;0;0;0;0;0;0;"Dobrá volba 2016"
69;4;166;"Helena";"Pešatová";"RNDr.";"";61;"starostka";"Frıdlant nad Ostravicí";598143;99;166;"A";7422;20.71;20.71911116073921;2;0;7966;54.03;54.03975306966962;1;0;"STAROSTOVÉ A NEZÁVISLÍ"
69;5;7;"Karel";"Deutscher";"";"";45;"námìstek primátora";"Frıdek-Místek";598003;7;7;"A";2380;6.64;6.64396181117748;0;0;0;0;0;0;0;"Èeská strana sociálnì demokratická"
69;6;768;"Radim";"Mamula";"Bc.";"";50;"vedoucí provozu";"Frıdek-Místek";598003;99;768;"A";4686;13.08;13.08134665847803;0;0;0;0;0;0;0;"ANO 2011"
69;7;47;"Daniel";"Pawlas";"Bc.";"";45;"poslanec - PS PÈR";"Havíøov";555088;47;47;"A";1449;4.04;4.04500027915805;0;0;0;0;0;0;0;"Komunistická strana Èech a Moravy"
69;8;1231;"Radim";"Baèa";"";"";50;"starosta obce Palkovice, zemìdìlec";"Palkovice";598551;99;1231;"A";4733;13.21;13.21255094634582;0;0;0;0;0;0;0;"Alternativa pro nezávislé kandidáty 2020-ANK 2020"
69;9;1448;"Jiøí";"Carbol";"Ing.";"";61;"starosta obce Dobrá, senátor";"Dobrá";598089;1;1;"A";7770;21.69;21.69058120707944;2;0;6775;45.96;45.96024693033037;0;0;"Koalice KDU-ÈSL a NMFM"
69;10;1114;"Radomil";"Bodzsar";"";"";64;"starosta obce Mošnov";"Mošnov";568686;1114;1114;"A";1960;5.47;5.47149796214616;0;0;0;0;0;0;0;"Svoboda a pøímá demokracie (SPD)"
72;1;1225;"Pynelopi";"Cimprichová";"Ing. Mgr.";"";62;"podnikatelka, lékárnice a ekonomka";"Ostrava";4;1225;1225;"A";564;1.82;1.82879377431906;0;0;0;0;0;0;0;"Jednotní"
72;2;166;"Rostislav";"Gromnica";"MUDr.";"Ph.D.";64;"lékaø";"Ostrava";4;99;166;"A";946;3.06;3.06744487678339;0;0;0;0;0;0;0;"STAROSTOVÉ A NEZÁVISLÍ"
72;3;1227;"Andrea";"Wlochová";"Mgr.";"Ph.D.";45;"VŠ pedagoka, vedoucí Katedry jazykù VŠB-TUO";"Ostrava";4;1227;1227;"A";1307;4.23;4.23800259403372;0;0;0;0;0;0;0;"Trikolóra hnutí obèanù"
72;4;53;"Ondøej";"Šimetka";"doc. MUDr.";"Ph.D., MBA";50;"lékaø";"Opava";8;99;53;"A";6688;21.68;21.68612191958495;2;0;7546;67.89;67.89634694979305;1;0;"Obèanská demokratická strana"
72;5;7;"Radim";"Smetana";"Ing.";"";46;"starosta";"Ostrava";4;7;7;"A";2548;8.26;8.26199740596627;0;0;0;0;0;0;0;"Èeská strana sociálnì demokratická"
72;6;1114;"Jan";"Síla";"MUDr.";"";70;"neurochirurg";"Ostrava";4;1114;1114;"A";1830;5.93;5.93385214007782;0;0;0;0;0;0;0;"Svoboda a pøímá demokracie (SPD)"
72;7;768;"Zdenìk";"Jiøíèek";"Ing.";"";51;"øeditel pøíspìvkové organizace";"Hluèín";507016;768;768;"A";6747;21.87;21.87743190661478;2;0;3568;32.1;32.10365305020694;0;0;"ANO 2011"
72;8;47;"Petr";"Gajdáèek";"";"";71;"pøedseda bytového drustva";"Ostrava";4;47;47;"A";1264;4.09;4.09857328145265;0;0;0;0;0;0;0;"Komunistická strana Èech a Moravy"
72;9;88;"Liana";"Janáèková";"Ing. arch.";"";66;"architektka, zastupitelka mìstského obvodu";"Ostrava";4;88;88;"A";3782;12.26;12.26329442282749;0;0;0;0;0;0;0;"NEZÁVISLÍ"
72;11;1116;"Jiøí";"Sapeta";"";"";45;"OSVÈ";"Ostrava";4;99;1116;"A";164;.53;.53177691309987;0;0;0;0;0;0;0;"Národ Sobì"
72;12;1118;"Miroslava";"Škaldová";"Mgr.";"";56;"øeditelka základní a mateøské školy";"Ostrava";4;99;1118;"A";259;.83;.83981841763942;0;0;0;0;0;0;0;"VOK - Volba pro kraj"
72;13;1231;"Peter";"Koliba";"doc. MUDr.";"CSc.";67;"lékaø, senátor";"Budišovice";568261;1231;1231;"A";825;2.67;2.67509727626459;0;0;0;0;0;0;0;"Alternativa pro nezávislé kandidáty 2020-ANK 2020"
72;14;720;"Martin";"Tomášek";"Mgr.";"Ph.D.";51;"vysokoškolskı uèitel a místostarosta";"Ostrava";4;720;720;"A";3916;12.69;12.69779507133592;0;0;0;0;0;0;0;"Èeská pirátská strana"
75;1;720;"Radim";"Kravèík";"Mgr.";"";40;"historik";"Karviná";598917;99;720;"A";2451;10.94;10.94245278807089;0;0;0;0;0;0;0;"Èeská pirátská strana"
75;2;47;"Zdena";"Èernínová";"";"";63;"podnikatelka";"Karviná";598917;99;47;"A";1943;8.67;8.67449439707129;0;0;0;0;0;0;0;"Komunistická strana Èech a Moravy"
75;3;1118;"Lubomír";"Kuznik";"";"";64;"dlouholetı starosta a primátor";"Karviná";598917;99;1118;"A";657;2.93;2.93316665922585;0;0;0;0;0;0;0;"VOK - Volba pro kraj"
75;4;1114;"Nadìda";"Franková";"MUDr.";"";66;"dìtská neuroloka";"Ostrava";4;1114;1114;"A";1648;7.35;7.35747131568373;0;0;0;0;0;0;0;"Svoboda a pøímá demokracie (SPD)"
75;5;1227;"Daniel";"Placzek";"MUDr.";"";58;"lékaø";"Orlová";599069;99;1227;"A";821;3.66;3.6653422027769;0;0;0;0;0;0;0;"Trikolóra hnutí obèanù"
75;6;1225;"Radoslav";"Štìdroò";"RNDr.";"";65;"geograf - praktickı filosof";"Ostrava";4;159;1225;"A";75;.33;.33483637662395;0;0;0;0;0;0;0;"Jednotní"
75;7;768;"Ondøej";"Feber";"Ing.";"";68;"starosta";"Stonava";599140;768;768;"A";5852;26.12;26.1261663467119;2;0;3412;50.62;50.62314540059347;1;0;"ANO 2011"
75;8;1217;"Karel";"Svìtnièka";"Mgr. et Bc.";"";60;"právník a nezávislı publicista";"Havíøov";555088;1217;1217;"A";236;1.05;1.05361846511004;0;0;0;0;0;0;0;"Moravská a Slezská pirátská strana"
75;9;1231;"Eliška";"Lazarová";"MUDr.";"";63;"lékaøka";"Dìtmarovice";598941;99;1231;"A";343;1.53;1.53131836242689;0;0;0;0;0;0;0;"Alternativa pro nezávislé kandidáty 2020-ANK 2020"
75;10;7;"Radek";"Sušil";"MUDr.";"";53;"lékaø";"Karviná";598917;7;7;"A";3335;14.88;14.88905754721192;2;0;3328;49.37;49.37685459940652;0;0;"Èeská strana sociálnì demokratická"
75;11;88;"Miroslav";"Chlubna";"Mgr.";"";46;"starosta Mìsta Orlová";"Orlová";599069;88;88;"A";2184;9.75;9.75043528728961;0;0;0;0;0;0;0;"NEZÁVISLÍ"
75;12;1127;"Marian";"Lebiedzik";"doc. Ing.";"Ph.D.";45;"starosta obce";"Petrovice u Karviné";599077;99;1127;"A";1684;7.51;7.51819277646323;0;0;0;0;0;0;0;"Dobrá volba 2016"
75;13;80;"Radomír";"Prus";"";"";42;"prùmyslník, vizionáø, filantrop";"Petrovice u Karviné";599077;99;80;"A";1170;5.22;5.22344747533372;0;0;0;0;0;0;0;"Nezávislı kandidát"
78;1;166;"Petr";"Michálek";"MgA.";"";43;"øeditel divadla";"Zlín";585068;166;166;"A";6637;14.9;14.90790655884995;0;0;0;0;0;0;0;"STAROSTOVÉ A NEZÁVISLÍ"
78;2;88;"Pavel";"Stodùlka";"MUDr.";"Ph.D.";55;"lékaø";"Zlín";585068;99;88;"A";10642;23.9;23.90386343216531;2;0;7479;41.05;41.05505846187626;0;0;"NEZÁVISLÍ"
78;3;1190;"Jan";"Šovíèek";"JUDr.";"Ph.D.";48;"prezident Autoklubu ÈR";"Praha";554782;99;1190;"A";1579;3.54;3.54672057502246;0;0;0;0;0;0;0;"Moravské zemské hnutí"
78;4;1187;"Tomáš";"Goláò";"Ing.";"";51;"daòovı poradce a senátor";"Zlín";585068;99;1187;"A";14485;32.53;32.53593890386343;2;0;10738;58.94;58.94494153812373;1;0;"SENÁTOR 21"
78;5;1114;"Radek";"Henner";"Ing.";"";57;"plukovník generálního štábu v záloze";"Pøílepy";549720;1114;1114;"A";3519;7.9;7.90431266846361;0;0;0;0;0;0;0;"Svoboda a pøímá demokracie (SPD)"
78;6;47;"Jan";"Doleèek";"";"";48;"vydavatel";"Zubøí";545252;47;47;"A";2027;4.55;4.55300988319856;0;0;0;0;0;0;0;"Komunistická strana Èech a Moravy"
78;7;1;"Michaela";"Blahová";"";"";51;"èlenka Rady Zlínského kraje pro soc. záleitosti";"Zlín";585068;1;1;"A";5631;12.64;12.64824797843665;0;0;0;0;0;0;0;"KDU-ÈSL"
81;1;7;"Antonín";"Seïa";"Ing.";"";59;"technik, projektovı manaer";"Uherské Hradištì";592005;7;7;"A";3393;9.45;9.45204334624063;0;0;0;0;0;0;0;"Èeská strana sociálnì demokratická"
81;2;1;"Josef";"Bazala";"";"";60;"starosta";"Staré Mìsto";550752;1;1;"A";11107;30.94;30.94130428726634;2;0;13172;60.78;60.78168981588297;1;0;"KDU-ÈSL"
81;3;53;"Petr";"Sládek";"MUDr.";"";52;"lékaø, øeditel Uherskohradišské nemocnice a.s.";"Uherské Hradištì";592005;99;53;"A";8334;23.21;23.21642477087221;0;0;0;0;0;0;0;"Obèanská demokratická strana"
81;4;1114;"Jarmila";"Blaková";"";"";67;"ivnostnice";"Bystøice pod Hostınem";588393;1114;1114;"A";1850;5.15;5.15363400841295;0;0;0;0;0;0;0;"Svoboda a pøímá demokracie (SPD)"
81;5;716;"Ivo";"Valenta";"";"";64;"senátor, podnikatel";"Zlín";585068;99;716;"A";11213;31.23;31.23659358720784;2;0;8499;39.21;39.21831018411702;0;0;"Strana soukromníkù Èeské republiky"
