ESTRANA;PORCISLO;JMENO;PRIJMENI;TITULPRED;TITULZA;VEK;STATOBCAN;POVOLANI;BYDLISTEN;BYDLISTEK;PSTRANA;NSTRANA;PLATNOST;POCHLASU;POCPROC;MANDAT;PORADIMAND;PORADINAHR
1;1;"Jiøí";"Domlátil";"Ing.";"";73;"CZ";"stavební inenır, pøedseda KAN";"Praha";1;40;40;"A";117;4.53;"N";0;0
1;2;"Stanislav";"Pochman";"";"";55;"CZ";"vırobní dispeèer";"Chodov";553735;40;40;"A";103;3.99;"N";0;0
1;3;"Romana";"Šimková";"Ing.";"";31;"CZ";"Pricing & Merchandising Coordinator";"Praha";1;40;40;"A";88;3.41;"N";0;0
1;4;"Jiøí";"Schmidt";"Mgr. et Mgr.";"";63;"CZ";"pedagog";"Pøíbram";539911;99;40;"A";95;3.68;"N";0;0
1;5;"Karel";"Protiva";"MUDr.";"";67;"CZ";"zubní lékaø";"Kladno";532053;40;40;"A";59;2.28;"N";0;0
1;6;"Marie";"Gottfriedová";"Mgr.";"";44;"CZ";"øeditelka základní školy";"Trmice";553697;99;40;"A";141;5.46;"N";0;0
1;7;"David";"Navara";"Mgr.";"";42;"CZ";"programátor";"Jindøichùv Hradec";545881;99;40;"A";68;2.63;"N";0;0
1;8;"Milan";"Tausch";"Ing.";"";52;"CZ";"ekonom";"Plzeò";2;40;40;"A";47;1.82;"N";0;0
1;9;"Hana";"Matìjková";"Mgr.";"";49;"CZ";"uèitelka";"Plzeò";2;99;40;"A";78;3.02;"N";0;0
1;10;"Vladimír";"Rott";"";"MSc";68;"CZ";"architekt, ekonom";"Praha";1;40;40;"A";21;.81;"N";0;0
1;11;"Alexis";"Katakalidis";"";"MSc";30;"CZ";"uèitel";"Praha";1;99;40;"A";61;2.36;"N";0;0
1;12;"Jolana";"Bradová";"Ing.";"";52;"CZ";"vodohospodáø";"Plzeò";2;99;40;"A";60;2.32;"N";0;0
1;13;"Jaroslav";"Šesták";"Prof. Ing.";"DrSc., Dr.h.c.";80;"CZ";"badatel, nositel Medaile Za zásluhy I. stupnì";"Praha";1;99;40;"A";47;1.82;"N";0;0
1;14;"Václav";"Baroch";"Mgr. Ing.";"Ph.D.";43;"CZ";"informatik a ekonom";"Praha";1;99;40;"A";40;1.55;"N";0;0
1;15;"Bohuslav";"Hamáèek";"";"";69;"CZ";"poární technik";"Praha";1;40;40;"A";32;1.24;"N";0;0
1;16;"Radek";"Hruška";"";"";43;"CZ";"programátor";"Vinaøice";534234;40;40;"A";36;1.39;"N";0;0
1;17;"Pavel";"Komrska";"Ing.";"";60;"CZ";"konzultant";"Pøíbram";539911;99;40;"A";37;1.43;"N";0;0
1;18;"Barnabáš";"Bíro";"";"";73;"CZ";"technik";"Kralupy nad Vltavou";534951;40;40;"A";22;.85;"N";0;0
1;19;"Milan";"Šurina";"";"";60;"CZ";"podnikatel";"Èeskı Brod";533271;40;40;"A";8;.31;"N";0;0
1;20;"Jiøí";"Èumpelík";"";"";73;"CZ";"exstarosta Prahy 11";"Všestary";539031;40;40;"A";38;1.47;"N";0;0
1;21;"Pavel";"Stulík";"Ing.";"";76;"CZ";"strojní inenır";"Praha";1;99;40;"A";23;.89;"N";0;0
1;22;"Jana";"Slánská";"Ing. Mgr.";"";76;"CZ";"filmaøka";"Praha";1;99;40;"A";26;1;"N";0;0
2;1;"František";"Matìjka";"";"";48;"CZ";"pøeds. strany, zakl. a øed. o.p.s. bez veø. dotací";"Most";567027;1178;1178;"A";1779;18.38;"N";0;0
2;2;"Richard";"Hartmann";"Dr. Ing.";"";50;"CZ";"èl. pøedsednictva strany, elektrotechnickı inenır";"Vìdomice";565831;1178;1178;"A";280;2.89;"N";0;0
2;3;"Karel";"Fiedler";"Ing.";"";57;"CZ";"bıvalı poslanec PÈR, ivnostník";"Hrádek";556301;1178;1178;"A";83;.85;"N";0;0
2;4;"Karel";"Leškovskı";"Mgr. Ing.";"";50;"CZ";"krizovı manaer, bezpeènostní poradce";"Praha";1;1178;1178;"A";103;1.06;"N";0;0
2;5;"Karel";"Zvára";"Ing.";"Ph.D.";43;"CZ";"ekonom, jednatel, systémovı architekt";"Tınec nad Sázavou";530841;1178;1178;"A";121;1.25;"N";0;0
2;6;"Libor";"Zeman";"Ing.";"";55;"CZ";"majitel spoleènosti";"Praha";1;1178;1178;"A";64;.66;"N";0;0
2;7;"Milan";"Loprais";"";"";43;"CZ";"obecní zastupitel, ekonomickı poradce, ivnostník";"Frenštát pod Radhoštìm";599344;99;1178;"A";296;3.05;"N";0;0
2;8;"Otto";"Èernı";"";"";70;"CZ";"polit. vìzeò, disident, sign. Charty 77, redaktor";"Postupice";530450;1178;1178;"A";121;1.25;"N";0;0
2;9;"Iveta";"Kubová";"Mgr.";"";53;"CZ";"knihovnice, vedoucí knihovny";"Brno";3;99;1178;"A";125;1.29;"N";0;0
2;10;"Roman";"Malach";"Ing.";"";42;"CZ";"ekonom, soudní znalec";"Praha";1;1178;1178;"A";68;.7;"N";0;0
2;11;"Ondøej";"Pecák";"Mgr.";"";35;"CZ";"èlen pøedsednictva strany, advokát";"Praha";1;1178;1178;"A";61;.63;"N";0;0
2;12;"Václav";"Kareš";"Ing.";"";59;"CZ";"IT specialista";"Hrusice";538248;1178;1178;"A";44;.45;"N";0;0
2;13;"Petr";"Jaroš";"Ing.";"";45;"CZ";"manaer, dopravní expert";"Èeské Budìjovice";544256;1178;1178;"A";851;8.79;"N";0;0
2;14;"David";"Matìjù";"";"";47;"CZ";"specialista informaèní bezpeènosti";"Praha";1;1178;1178;"A";58;.59;"N";0;0
2;15;"Hana";"Jirkalová";"Mgr.";"";68;"CZ";"patentová zástupkynì";"Praha";1;99;1178;"A";42;.43;"N";0;0
2;16;"Zdenìk";"Král";"Mgr.";"";28;"CZ";"ivnostník";"Chrustenice";533670;1178;1178;"A";38;.39;"N";0;0
2;17;"Martin";"Simandl";"";"";56;"CZ";"hudebník, textaø";"Praha";1;99;1178;"A";38;.39;"N";0;0
2;18;"Jiøí";"Hemerle";"";"";47;"CZ";"OSVÈ";"Nepomuk";564524;99;1178;"A";50;.51;"N";0;0
2;19;"Jaroslav";"Pekaøík";"";"";39;"CZ";"vedoucí velkoobchodu";"Ivaò";584517;1178;1178;"A";27;.27;"N";0;0
2;20;"Michal";"Nosek";"";"";44;"CZ";"správce IT";"Dìèín";562335;99;1178;"A";52;.53;"N";0;0
2;21;"Michal";"Chára";"";"";46;"CZ";"historik, odbornı poradce";"Praha";1;99;1178;"A";76;.78;"N";0;0
3;1;"Antonín";"Baudyš";"Bc.";"";46;"CZ";"konzultant, pøed. kraj. org. hnutí CESTA";"Šumperk";523704;1177;1177;"A";2527;32.02;"N";0;0
3;2;"Jan";"Dubaniè";"Bc.";"";44;"CZ";"konzultant a lektor, místopø. hnutí CESTA";"Ústí nad Labem";5;1177;1177;"A";254;3.21;"N";0;0
3;3;"Jan";"Kubín";"Ing.";"";55;"CZ";"podnikatel, místopøedseda hnutí CESTA";"Praha";1;1177;1177;"A";131;1.66;"N";0;0
3;4;"Vojtìch";"Drahoòovskı";"Bc.";"";40;"CZ";"podnikatel v zemìdìlství";"eleznice";573825;1177;1177;"A";97;1.22;"N";0;0
3;5;"Kateøina";"Vašáková";"";"";40;"CZ";"expert úèetních procesù";"Jihlava";586846;1177;1177;"A";62;.78;"N";0;0
3;6;"Lenka";"Blahová";"Bc.";"DiS.";32;"CZ";"manaerka";"Èerná Voda";533491;1177;1177;"A";95;1.2;"N";0;0
3;7;"Jaroslav";"Záhora";"Ing.";"";54;"CZ";"podnikatel, pøedseda kr. org. hnutí CESTA";"Hradec Králové";569810;1177;1177;"A";32;.4;"N";0;0
3;8;"Jiøí";"Macák";"";"";52;"CZ";"odbornı konzultant, provozní chemik";"Roztoky";539627;1177;1177;"A";16;.2;"N";0;0
3;9;"Jaroslav";"Nahodil";"Ing.";"";63;"CZ";"kouè, konzultant, pøed. kr. org. hnutí CESTA";"Brno";3;1177;1177;"A";41;.51;"N";0;0
3;10;"Denisa";"Binarová";"PhDr.";"";40;"CZ";"klinická psycholoka";"Vysoké Mıto";581186;1177;1177;"A";88;1.11;"N";0;0
3;11;"Pavel";"Sobek";"Mgr.";"";49;"CZ";"OSVÈ";"Jihlava";586846;1177;1177;"A";28;.35;"N";0;0
3;12;"Martin";"Lichtenberk";"Ing.";"";43;"CZ";"personální øeditel";"Vysoké Mıto";581186;1177;1177;"A";48;.6;"N";0;0
3;13;"Eva";"Paterová";"";"";45;"CZ";"nákupèí";"Brno";3;1177;1177;"A";12;.15;"N";0;0
3;14;"Kateøina";"Bílková";"Bc.";"";45;"CZ";"zdravotní sestra, sociální pracovnice";"Mohelnice";558079;1177;1177;"A";72;.91;"N";0;0
3;15;"Jana";"Šastná";"";"DiS.";39;"CZ";"fyzioterapeutka, instruktorka shiatsu-do";"Brno";3;1177;1177;"A";68;.86;"N";0;0
3;16;"Tomáš";"Bartoníèek";"Ing.";"Ph.D.";42;"CZ";"IT administrátor";"Dolní Roveò";574911;1177;1177;"A";29;.36;"N";0;0
3;17;"Petr";"Kapoun";"Ing.";"";54;"CZ";"podnikatel v oblasti stavebnictví";"Dìèín";562335;99;1177;"A";6;.07;"N";0;0
3;18;"Jan";"Zelenı";"Ing.";"";47;"CZ";"OSVÈ - IT sluby";"Praha";1;1177;1177;"A";21;.26;"N";0;0
3;19;"Jakub";"Lustig";"Bc.";"";40;"CZ";"OSVÈ";"Jièín";572659;1177;1177;"A";26;.32;"N";0;0
3;20;"Martin";"Kùstka";"Ing.";"";52;"CZ";"správa pohledávek";"Olomouc";500496;99;1177;"A";21;.26;"N";0;0
3;21;"Miroslav";"Sıkora";"";"";54;"CZ";"OSVÈ - vıuka angliètiny";"Pardubice";6;1177;1177;"A";18;.22;"N";0;0
3;22;"Oldøich";"Zima";"";"";58;"CZ";"obchodní zástupce";"Hradec Králové";569810;1177;1177;"A";12;.15;"N";0;0
3;23;"Lucie";"Meškanová";"Mgr.";"";45;"CZ";"mediátorka a lektorka";"Praha";1;1177;1177;"A";59;.74;"N";0;0
3;24;"Ilona";"Fialová";"";"";61;"CZ";"knihkupec";"Zásmuky";533921;1177;1177;"A";13;.16;"N";0;0
3;25;"Petr";"Pospíšil";"";"";42;"CZ";"kamnáø";"Sulkovec";596833;99;1177;"A";37;.46;"N";0;0
3;26;"Jaroslav";"Kuchaø";"Mgr.";"";55;"CZ";"podnikatel";"Pøišimasy";533611;1177;1177;"A";47;.59;"N";0;0
4;1;"Ivan";"Šterzl";"Prof. MUDr.";"CSc.";65;"CZ";"lékaø, zakl. imunoendokrinologie v ÈR";"Velhartice";557366;99;764;"A";221;16.84;"N";0;0
4;2;"Sandra";"Šotová";"JUDr.";"";33;"CZ";"právnièka, specialistka na eurodotace";"Praha";1;99;764;"A";90;6.85;"N";0;0
4;3;"Vladimír";"Pelc";"PhDr.";"";65;"CZ";"podnikatel, daòovı specialista";"Praha";1;764;764;"A";18;1.37;"N";0;0
4;4;"Zdeòka";"Tošnerová";"Mgr.";"";59;"CZ";"øeditelka sportovního areálu";"Praha";1;724;764;"A";28;2.13;"N";0;0
4;5;"Jaroslav";"Král";"JUDr.";"CSc.";67;"CZ";"právník, bıv. nám. min. dopravy a pro míst. rozvoj";"Praha";1;764;764;"A";28;2.13;"N";0;0
4;6;"Stanislava";"Tùmová";"";"";61;"CZ";"jednatelka, podnikatelka";"Horoušany";538221;724;764;"A";15;1.14;"N";0;0
4;7;"Zbynìk";"Holub";"Doc. PhDr. PaedDr.";"Ph.D.";62;"CZ";"VŠ pedagog, místopøedseda strany";"Èeské Budìjovice";544256;764;764;"A";52;3.96;"N";0;0
4;8;"Mária";"Kropáèková";"RNDr.";"";63;"CZ";"øeditelka Centra zdravého srdce";"Praha";1;724;764;"A";32;2.43;"N";0;0
4;9;"Jiøí";"Pondìlíèek";"";"";54;"CZ";"knihkupec";"Praha";1;764;764;"A";16;1.21;"N";0;0
4;10;"Zdenìk";"Jirásek";"";"";61;"CZ";"spisovatel, bezpeènostní expert";"Praha";1;724;764;"A";37;2.82;"N";0;0
4;11;"Petr";"Topinka";"JUDr.";"";61;"CZ";"advokát";"Praha";1;764;764;"A";23;1.75;"N";0;0
4;12;"Josef";"Mastnı";"Ing.";"";58;"CZ";"ekonom";"Praha";1;724;764;"A";11;.83;"N";0;0
4;13;"Stanislav";"Vondráèek";"";"";56;"CZ";"stránı";"Èeská Lípa";561380;764;764;"A";13;.99;"N";0;0
4;14;"Jaromír";"Schling";"Ing.";"";72;"CZ";"podnikatel, bıv. ministr dopravy a spojù";"Praha";1;724;764;"A";11;.83;"N";0;0
4;15;"Jan";"Šinogl";"";"";69;"CZ";"podnikatel";"Strachotice";594822;764;764;"A";16;1.21;"N";0;0
4;16;"Ljudmila";"Fomkina";"";"";68;"CZ";"majordomus";"Praha";1;99;764;"A";5;.38;"N";0;0
4;17;"Pøemysl";"Votava";"";"";75;"CZ";"tiskovı mluvèí a místopøedseda strany";"Praha";1;764;764;"A";15;1.14;"N";0;0
4;18;"Ludvík";"Hynek";"JUDr.";"";69;"CZ";"právník";"Praha";1;99;764;"A";10;.76;"N";0;0
4;19;"Marie";"Charousková";"";"";62;"CZ";"uèitelka MŠ";"Praha";1;724;764;"A";6;.45;"N";0;0
4;20;"Václav";"Charousek";"";"";64;"CZ";"specialista IT";"Praha";1;724;764;"A";6;.45;"N";0;0
4;21;"Jaroslav";"Dvoøák";"";"";43;"CZ";"analytik, IT, územní plánování";"Praha";1;724;764;"A";39;2.97;"N";0;0
5;1;"Jan";"Zahradil";"Ing.";"";56;"CZ";"poslanec Evropského parlamentu";"Praha";1;53;53;"A";51381;14.89;"A";1;0
5;2;"Even";"Tošenovskı";"Ing.";"";63;"CZ";"poslanec Evropského parlamentu";"Ostrava";4;53;53;"A";25644;7.43;"A";3;0
5;3;"Veronika";"Vrecionová";"Ing.";"";53;"CZ";"poslankynì PÈR, pøed. Spolku pro obnovu venkova ÈR";"Pøezletice";538671;53;53;"A";8460;2.45;"A";4;0
5;4;"Ondøej";"Krutílek";"Mgr.";"";38;"CZ";"analytik legislativy EU";"Brno";3;99;53;"A";6968;2.02;"N";0;1
5;5;"Radka";"Trylèová";"Mgr.";"";44;"CZ";"radní Plzeòského kraje pro oblast P a zemìdìlství";"Plzeò";2;53;53;"A";4902;1.42;"N";0;2
5;6;"Eva";"Decroix";"Mgr.";"";36;"CZ";"advokátka, zapsaná mediátorka, podnikatelka";"Jihlava";586846;53;53;"A";4559;1.32;"N";0;3
5;7;"Josef";"Hynek";"prof. RNDr.";"MBA, Ph.D.";53;"CZ";"dìkan";"Vysoké Mıto";581186;53;53;"A";3690;1.06;"N";0;4
5;8;"Marcel";"Kollmann";"Ing.";"";47;"CZ";"øeditel spoleènosti";"atec";566985;53;53;"A";834;.24;"N";0;5
5;9;"Tomáš";"Hanuš";"M.A.";"";32;"CZ";"poradce pro frakci Evropskıch konz. a reform. v EP";"Hradec Králové";569810;53;53;"A";2249;.65;"N";0;6
5;10;"Edvard";"Koušník";"";"";48;"CZ";"analytik legislativy EU a bìec";"Praha";1;53;53;"A";6135;1.77;"N";0;7
5;11;"Andrea";"Šilhanová";"Bc.";"";24;"CZ";"studentka";"Praha";1;53;53;"A";1451;.42;"N";0;8
5;12;"Štìpán";"Slovák";"";"";21;"CZ";"student Právnické fakulty UK";"Luhaèovice";585459;53;53;"A";1284;.37;"N";0;9
5;13;"Tomáš";"Lázna";"Ing.";"";26;"CZ";"vìdeckı pracovník VUT, robotik";"Prostìjov";589250;53;53;"A";1156;.33;"N";0;10
5;14;"Vladimír";"Kajlik";"Dr.";"Ph.D.";72;"CZ";"pøekladatel, vysokoškolskı pedagog";"Mariánské Láznì";554642;53;53;"A";358;.1;"N";0;11
5;15;"Alexandr";"Vondra";"RNDr.";"";57;"CZ";"VŠ pedagog, bıvalı disident, diplomat a ministr";"Litomìøice";564567;53;53;"A";29536;8.56;"A";2;0
5;16;"Ludìk";"Sefzig";"MUDr.";"";62;"CZ";"lékaø";"Rokycany";559717;53;53;"A";997;.28;"N";0;12
5;17;"Mansoor";"Maitah";"doc. Ing.";"Ph.D. et Ph.D.";56;"CZ";"vìdeckı pracovník - vysokoškolskı pedagog";"Praha";1;53;53;"A";684;.19;"N";0;13
5;18;"Daniel";"Štìpánek";"Mgr.";"";42;"CZ";"místostarosta mìsta Bystøice";"Bystøice";529451;53;53;"A";524;.15;"N";0;14
5;19;"Alexander";"Bellu";"Mgr.";"";31;"CZ";"ivnostník, zastupitel Prahy 3";"Praha";1;53;53;"A";1195;.34;"N";0;15
5;20;"Jindøich";"Voboøil";"Mgr.";"";52;"CZ";"øeditel spoleènosti Podané ruce o.p.s.";"Brno";3;53;53;"A";1223;.35;"N";0;16
5;21;"Pavel";"Hejtmánek";"Mgr.";"";53;"CZ";"Key Acount manager SYSMEX CZ s.r.o.";"Chotìboø";568759;53;53;"A";253;.07;"N";0;17
5;22;"Hynek";"Orság";"Ing.";"";52;"CZ";"jednatel firmy";"Karviná";598917;53;53;"A";274;.07;"N";0;18
5;23;"Veronika";"Luòáková";"Mgr.";"";29;"CZ";"specialistka ve farmaceutické spoleènosti";"Neratovice";535087;53;53;"A";683;.19;"N";0;19
5;24;"Anna";"Heaney";"";"";71;"CZ";"politoloka";"Praha";1;53;53;"A";218;.06;"N";0;20
5;25;"Václava";"Jandeèková";"Ing.";"";45;"CZ";"spisovatelka, publicistka, badatelka";"Kdynì";553786;99;53;"A";762;.22;"N";0;21
5;26;"Jiøí";"Kozák";"Mgr.";"";42;"CZ";"øeditel vzdìlávací organizace, VŠ uèitel";"Øíèany";538728;53;53;"A";768;.22;"N";0;22
5;27;"Martin Elis";"Kuchaø";"";"";49;"CZ";"péèe o osobu blízkou";"Praha";1;53;53;"A";353;.1;"N";0;23
5;28;"Michal";"Zácha";"";"";41;"CZ";"1. námìstek primátora statutárního mìsta Pøerova";"Pøerov";511382;53;53;"A";745;.21;"N";0;24
6;1;"Lucie";"Schejbalová";"Bc.";"";31;"CZ";"youtuberka Sejroška - Šimering expert";"Chlumec";536229;99;1206;"A";3433;9.26;"N";0;0
6;2;"Antonín";"Capoušek";"";"";35;"CZ";"kryptobaron";"Bany";567485;99;1206;"A";1026;2.76;"N";0;0
6;3;"Jiøí";"Kyjovskı";"";"";31;"CZ";"generální øeditel TAXI Otnice, zastupitel ze Šimic";"Brno";3;1206;1206;"A";723;1.95;"N";0;0
6;4;"Tomáš";"Sus";"";"";31;"CZ";"vèelaø";"Brno";3;99;1206;"A";1301;3.51;"N";0;0
6;5;"Jakub";"Gauner";"";"";33;"CZ";"provozovatel Gauners Tuning Team GTT";"Jihlava";586846;99;1206;"A";420;1.13;"N";0;0
6;6;"Nela";"Capoušková";"";"";28;"CZ";"mateøská dovolená";"Chlumec";536229;99;1206;"A";817;2.2;"N";0;0
6;7;"Antonín";"Fuksa";"";"";31;"CZ";"kouzelník";"Køenovice";562181;99;1206;"A";824;2.22;"N";0;0
6;8;"Petr";"Šindeláø";"";"";60;"CZ";"administrativní pracovník";"Brno";3;99;1206;"A";692;1.86;"N";0;0
6;9;"Martin";"Šlachta";"";"";32;"CZ";"ekolog, imitátor Václava Havla";"Brno";3;99;1206;"A";944;2.54;"N";0;0
7;1;"Pavel";"Poc";"RNDr.";"";54;"CZ";"poslanec EP, biolog";"Valy";539481;7;7;"A";10231;10.92;"N";0;0
7;2;"Olga";"Sehnalová";"MUDr.";"MBA";50;"CZ";"poslankynì EP, lékaøka";"Kromìøí";588296;7;7;"A";10872;11.6;"N";0;0
7;3;"Radek";"Hlaváèek";"Mgr.";"";28;"CZ";"právník";"Praha";1;7;7;"A";1400;1.49;"N";0;0
7;4;"Zuzana";"Brzobohatá";"Ing. Bc.";"";56;"CZ";"poradkynì, èlenka vıboru EHS";"Tišnov";584002;7;7;"A";1715;1.83;"N";0;0
7;5;"Pavel";"Kawulok";"Mgr.";"";39;"CZ";"právník";"Hrádek";556301;7;7;"A";1204;1.28;"N";0;0
7;6;"Daniela";"Vašátková";"Mgr.";"";29;"CZ";"vìdecká pracovnice - VP Olomouc";"Zábøeh";541354;7;7;"A";1488;1.58;"N";0;0
7;7;"Jaroslav";"Veselı";"Ing.";"";62;"CZ";"starosta";"Raná";566659;99;7;"A";641;.68;"N";0;0
7;8;"Lucie";"Svobodová";"Mgr. Ing.";"";37;"CZ";"právnièka";"Praha";1;7;7;"A";851;.9;"N";0;0
7;9;"Jakub";"Kulhánek";"";"M.A.";34;"CZ";"námìstek ministra vnitra ÈR";"Mìlník";534676;7;7;"A";595;.63;"N";0;0
7;10;"Daniela";"Smetanová";"Mgr.";"";28;"CZ";"poradkynì pro zahranièní politiku";"Praha";1;7;7;"A";590;.62;"N";0;0
7;11;"Roman";"Váòa";"Ing.";"";52;"CZ";"ivnostník";"Olomouc";500496;7;7;"A";1066;1.13;"N";0;0
7;12;"René";"Pøíhoda";"Mgr.";"";33;"CZ";"advokátní koncipient";"Hradec Králové";569810;7;7;"A";367;.39;"N";0;0
7;13;"Lukáš";"Kauckı";"PhDr.";"";37;"CZ";"námìstek ministra zahranièí ÈR";"Praha";1;7;7;"A";668;.71;"N";0;0
7;14;"Jan";"Košák";"Bc.";"";33;"CZ";"pedagog";"Sviadnov";569631;7;7;"A";425;.45;"N";0;0
7;15;"Tomáš";"Binder";"";"";48;"CZ";"soudní tlumoèník";"Èeská Lípa";561380;7;7;"A";315;.33;"N";0;0
7;16;"Milan";"Balahura";"Mgr.";"";32;"CZ";"tajemník ÈSSD";"Praha";1;7;7;"A";341;.36;"N";0;0
7;17;"Radek";"Scherfer";"Mgr.";"";44;"CZ";"èlen org. Krajská zdravotní, a.s.";"Kadaò";563102;7;7;"A";273;.29;"N";0;0
7;18;"Suzan";"Saidamová";"Mgr.";"";26;"CZ";"právnièka";"Havlíèkùv Brod";568414;7;7;"A";411;.43;"N";0;0
7;19;"Tomáš";"Øepa";"Mgr.";"Ph.D.";33;"CZ";"odbornı asistent Univerzity obrany";"Brno";3;7;7;"A";501;.53;"N";0;0
7;20;"Martin";"Špánek";"Bc.";"";25;"CZ";"student ZÈU v Plzni, Fa. filoz., obor mez. vztahy";"Plzeò";2;7;7;"A";343;.36;"N";0;0
7;21;"Gabriel";"Forman";"";"";22;"CZ";"student - Pedagogická fakulta";"Rychnov nad Knìnou";576069;7;7;"A";222;.23;"N";0;0
7;22;"Petr";"Lebeda";"";"";26;"CZ";"obchodní manaer";"Milevsko";549576;7;7;"A";163;.17;"N";0;0
7;23;"Miloš";"Balabán";"PhDr.";"Ph.D.";56;"CZ";"vìdeckı pracovník";"Praha";1;7;7;"A";472;.5;"N";0;0
7;24;"Markéta";"Wernerová";"Ing.";"";35;"CZ";"øeditelka firmy";"Karlovy Vary";554961;7;7;"A";395;.42;"N";0;0
7;25;"Kristián";"Malina";"Bc.";"";33;"CZ";"zahranièní tajemník ÈSSD";"Praha";1;7;7;"A";112;.11;"N";0;0
7;26;"Marcel";"Kuèera";"Mgr.";"";50;"CZ";"hudební pedagog";"Velkı Luh";578002;7;7;"A";182;.19;"N";0;0
7;27;"Tomáš";"Soukal";"Ing.";"";37;"CZ";"radní Jihomoravského kraje";"Rajhrad";583758;7;7;"A";416;.44;"N";0;0
7;28;"Radim";"Technik";"Ing.";"";35;"CZ";"obchodní øeditel";"ïár nad Sázavou";595209;7;7;"A";394;.42;"N";0;0
8;1;"Miroslav";"Tancoš";"";"";59;"CZ";"pøedseda RDS";"Novı Bor";561860;794;794;"A";384;23.25;"N";0;0
8;2;"Štefan";"Gorol'";"";"";62;"CZ";"romskı nezávislı aktivista";"Novı Bor";561860;794;794;"A";279;16.89;"N";0;0
8;3;"Miroslav";"Rusenka";"";"";61;"CZ";"místopøedseda RDS";"Praha";1;794;794;"A";125;7.57;"N";0;0
8;4;"Ladislav";"Sivak";"";"";62;"CZ";"tajemník ÚV RDS";"Praha";1;794;794;"A";168;10.17;"N";0;0
9;1;"Kateøina";"Koneèná";"Ing.";"";38;"CZ";"poslankynì Evropského parlamentu";"Novı Jièín";599191;47;47;"A";38650;23.47;"A";1;0
9;2;"Andrej";"Bóna";"";"";23;"CZ";"student Masarykovy univerzity, redaktor, pøeklad.";"Brno";3;74;47;"A";3046;1.85;"N";0;2
9;3;"Arom";"Korjagin";"";"";31;"CZ";"drustevník v Sociálním drustvu Støecha, provozní";"Praha";1;47;47;"A";1655;1;"N";0;3
9;4;"Roman";"Blaško";"";"";49;"CZ";"redaktor Haló novin, fotograf";"Lubomìø";599646;93;47;"A";2434;1.47;"N";0;4
9;5;"Lukáš";"Paøízek";"Ing.";"";35;"CZ";"provoznì technickı specialista";"Litomìøice";564567;47;47;"A";1481;.89;"N";0;5
9;6;"Dagmar";"Švendová";"";"B.A, LL.M.";41;"CZ";"specialistka v oboru práva a legislativy EU";"Bøeclav";584291;47;47;"A";6862;4.16;"N";0;6
9;7;"Zdenìk";"Štefek";"Ing.";"";44;"CZ";"pøedseda Vıboru pro památkovou péèi";"Buštìhrad";532169;47;47;"A";1504;.91;"N";0;7
9;8;"Kateøina";"Ambroová Srncová";"Ing.";"";37;"CZ";"støedoškolská pedagoka";"Zdounky";589195;47;47;"A";1688;1.02;"N";0;8
9;9;"Petr";"Pick";"Ing.";"Ph.D.";36;"CZ";"vızkumnı pracovník v oboru letectví";"Praha";1;99;47;"A";901;.54;"N";0;9
9;10;"Lubomír";"Ledl";"JUDr.";"";66;"CZ";"poradce ústavního èinitele";"Praha";1;74;47;"A";583;.35;"N";0;10
9;11;"Anna";"Vaculíková";"";"";25;"CZ";"øidièka kamionu - dálková pøeprava do zahranièí";"Jindøichùv Hradec";545881;47;47;"A";2364;1.43;"N";0;11
9;12;"Ivan";"Maštálka";"Mgr.";"LL.M., MBA";37;"CZ";"právník";"Plzeò";2;47;47;"A";5139;3.12;"N";0;12
9;13;"Petr";"Bureš";"";"";42;"CZ";"referent zahranièního obchodu";"Štìtí";565709;47;47;"A";554;.33;"N";0;13
9;14;"Richard";"Pokornı";"JUDr. Bc.";"Ph.D.";40;"CZ";"vysokoškolskı uèitel";"Plzeò";2;47;47;"A";1463;.88;"N";0;14
9;15;"Pavla";"Švepeš Šlahúnková";"";"B.A";31;"CZ";"socioloka, pozorovatelka mez. enské sk. pro mír";"Trhové Sviny";545171;47;47;"A";629;.38;"N";0;15
9;16;"Tereza";"Èechová Humpolcová";"Mgr. Ing.";"Ph.D.";32;"CZ";"vedoucí analytického odd., asistentka poslance";"Tišice";535222;47;47;"A";557;.33;"N";0;16
9;17;"Jaromír";"Kohlíèek";"Ing.";"CSc.";66;"CZ";"poslanec EP, èlen Svazu boj. za svobodu";"Teplice";567442;47;47;"A";5778;3.5;"N";0;17
9;18;"Zdenìk";"Ondráèek";"JUDr. PhDr.";"Ph.D.";49;"CZ";"poslanec Parlamentu Èeské republiky";"Trutnov";579025;47;47;"A";10894;6.61;"N";0;1
9;19;"Jiøí";"Hudeèek";"prof. RNDr.";"CSc.";65;"CZ";"profesor Univerzity Karlovy, biochemik";"Praha";1;74;47;"A";649;.39;"N";0;18
9;20;"Eva";"Badinková";"Ing. Bc.";"";52;"CZ";"obèanská zamìstnankynì Policie ÈR";"Bystøice pod Hostınem";588393;47;47;"A";1407;.85;"N";0;19
9;21;"Ludvík";"Šulda";"";"BBA";39;"CZ";"pøedseda Kontrolního vıboru Zast. Olom. kraje";"Seloutky";506770;47;47;"A";543;.32;"N";0;20
9;22;"Josef";"Jordán";"";"";46;"CZ";"servisní technik";"Brtnice";586943;47;47;"A";488;.29;"N";0;21
9;23;"Petr";"Kubeš";"Ing. Bc.";"";30;"CZ";"vedoucí logistik";"atec";566985;47;47;"A";467;.28;"N";0;22
9;24;"Petr";"Havránek";"Ing.";"";41;"CZ";"manaer";"Studénka";599921;47;47;"A";555;.33;"N";0;23
9;25;"Kvìta";"Matušovská";"Ing.";"";34;"CZ";"poslankynì Parlamentu ÈR, dopravní inenırka";"Javorník";529851;47;47;"A";1031;.62;"N";0;24
9;26;"Jiøí";"Grünbauer";"Ing.";"";63;"CZ";"øeditel zdravotnického zaøízení";"Pøíbram";539911;93;47;"A";532;.32;"N";0;25
9;27;"René";"Èíp";"Ing.";"";44;"CZ";"ekonom";"Ostrava";4;47;47;"A";987;.59;"N";0;26
9;28;"Jan";"Klán";"Mgr.";"";36;"CZ";"sociolog a analytik";"Kutná Hora";533955;47;47;"A";755;.45;"N";0;27
10;1;"Tomáš";"Vandas";"Mgr.";"";50;"CZ";"pøedseda DSSS a podnikatel";"Ústí nad Labem";5;156;156;"A";702;16.08;"N";0;0
10;2;"Oto";"Zaremba";"";"";62;"CZ";"olympijskı vítìz a sportovní konzultant";"Havíøov";555088;156;156;"A";346;7.93;"N";0;0
10;3;"Jiøí";"Štìpánek";"Mgr.";"";47;"CZ";"vıkonnı místopøedseda DSSS";"Plzeò";2;156;156;"A";129;2.95;"N";0;0
10;4;"Alena";"Poláèková";"";"";58;"CZ";"podnikatelka";"Tınec nad Sázavou";530841;156;156;"A";56;1.28;"N";0;0
10;5;"Roman";"Pospíšil";"";"";52;"CZ";"zastupitel mìsta";"Vìtøní";545830;156;156;"A";73;1.67;"N";0;0
10;6;"Jindøich";"Svoboda";"";"";34;"CZ";"radní mìsta";"Duchcov";567515;156;156;"A";58;1.32;"N";0;0
10;7;"Jiøina Niké";"Hájek";"";"DiS.";38;"CZ";"státní zamìstnanec";"Praha";1;156;156;"A";37;.84;"N";0;0
10;8;"Jiøí";"Poledno";"";"";72;"CZ";"chemik";"Ostrava";4;156;156;"A";31;.71;"N";0;0
10;9;"Libor";"Sojka";"";"";63;"CZ";"podnikatel";"Davle";539163;156;156;"A";8;.18;"N";0;0
10;10;"Tomáš";"Kozák";"";"";38;"CZ";"stavební podnikatel";"Nové Hamry";506494;156;156;"A";42;.96;"N";0;0
10;11;"Martina";"Blašková";"Bc.";"";50;"CZ";"asistentka jednatele spoleènosti";"Cheb";554481;156;156;"A";38;.87;"N";0;0
10;12;"Ladislav";"Malı";"Mgr.";"";73;"CZ";"katolickı aktivista";"Praha";1;99;761;"A";26;.59;"N";0;0
10;13;"Vladimír";"Jirásek";"";"";58;"CZ";"øidiè";"Láznì Bohdaneè";574767;156;156;"A";30;.68;"N";0;0
10;14;"Petr";"Borna";"";"";51;"CZ";"podnikatel";"Ostrava";4;156;156;"A";36;.82;"N";0;0
10;15;"Jan";"Høivna";"";"";29;"CZ";"vıpravèí SDC";"Tınec nad Sázavou";530841;156;156;"A";37;.84;"N";0;0
10;16;"Vilém";"Fronèek";"";"";56;"CZ";"podnikatel";"Ostrava";4;156;156;"A";25;.57;"N";0;0
10;17;"Erik";"Lamprecht";"";"";31;"CZ";"marketingovı a obchodní manaer";"Brno";3;156;156;"A";39;.89;"N";0;0
10;18;"Martin";"Aubrecht";"";"DiS.";34;"CZ";"pøedseda Dìlnické mládee";"Mìlník";534676;156;156;"A";53;1.21;"N";0;0
10;19;"Nela";"Veselá";"";"";21;"CZ";"pøekladatelka";"Praha";1;156;156;"A";67;1.53;"N";0;0
10;20;"Karel";"Køivánek";"";"";54;"CZ";"dìlník";"Praha";1;156;156;"A";28;.64;"N";0;0
10;21;"Štìpán";"Kalua";"";"";63;"CZ";"zamìstnanec VLS";"Vìtøní";545830;156;156;"A";19;.43;"N";0;0
10;22;"Tomáš";"Vejvoda";"";"";43;"CZ";"øidiè MKD";"Nejdek";555380;156;156;"A";34;.77;"N";0;0
10;23;"Petr";"Štyndl";"";"";34;"CZ";"zastupitel obce";"Vír";597074;156;156;"A";15;.34;"N";0;0
10;24;"Jakub";"Vršovskı";"Bc.";"";30;"CZ";"øidiè";"Duchcov";567515;156;156;"A";36;.82;"N";0;0
10;25;"Jaroslav";"Dupák";"";"";63;"CZ";"numismatik";"Pøíbram";539911;156;156;"A";15;.34;"N";0;0
10;26;"Eva";"Novotná";"";"";40;"CZ";"dìlnice";"Vìtøní";545830;156;156;"A";76;1.74;"N";0;0
10;27;"Martin";"Vrtiška";"";"";48;"CZ";"fotbalovı trenér";"Ústí nad Labem";5;1021;156;"A";43;.98;"N";0;0
10;28;"Jiøí";"Holoubek";"";"";49;"CZ";"podnikatel";"Praha";1;156;156;"A";13;.29;"N";0;0
11;1;"Miroslav";"Sládek";"PhDr.";"";68;"CZ";"bojovník proti bezpráví a totalitì";"Brno";3;1125;1125;"A";1294;30.2;"N";0;0
11;2;"Zdenìk";"Krampera";"";"";67;"CZ";"poslanec PS PÈR v letech 1992-1998, antikváø";"Praha";1;1125;1125;"A";147;3.43;"N";0;0
11;3;"Tomáš";"Franìk";"";"";32;"CZ";"podnikatel";"Tınec nad Sázavou";530841;1125;1125;"A";65;1.51;"N";0;0
11;4;"Kamil";"Sedláèek";"";"";48;"CZ";"operátor dopravy";"Bohumín";599051;1125;1125;"A";19;.44;"N";0;0
11;5;"Vìra";"Vítovcová";"";"";46;"CZ";"operátor elektrovıroby";"Plzeò";2;1125;1125;"A";38;.88;"N";0;0
11;6;"Karel";"Fleischer";"";"";55;"CZ";"poradce a obhájce spotøebitelù";"Brno";3;1125;1125;"A";104;2.42;"N";0;0
11;7;"Miroslav";"Pindeš";"JUDr.";"Ph.D.";58;"CZ";"advokát, èlen Advokátní komory ÈR, fotb. rozhodèí";"Buèovice";592943;1125;1125;"A";91;2.12;"N";0;0
11;8;"Jiøí";"Dubskı";"";"";48;"CZ";"elektrotechnik";"Praha";1;1125;1125;"A";26;.6;"N";0;0
11;9;"Michal";"Oliva";"";"";45;"CZ";"ivnostník";"Kladno";532053;1125;1125;"A";23;.53;"N";0;0
11;10;"Martin";"Prát";"";"";33;"CZ";"mechanik";"Opoèno";542555;1125;1125;"A";32;.74;"N";0;0
11;11;"Jaroslav";"Kopeckı";"";"";62;"CZ";"podnikatel";"Frıdlant";564028;1125;1125;"A";18;.42;"N";0;0
11;12;"Pavel";"Novák";"PhDr.";"";64;"CZ";"OSVÈ";"Jindøichùv Hradec";545881;1125;1125;"A";22;.51;"N";0;0
11;13;"Radek";"Falta";"";"";45;"CZ";"elektromechanik";"Havlovice";579220;1125;1125;"A";11;.25;"N";0;0
11;14;"Roman";"Pata";"";"";54;"CZ";"IT specialista";"Praha";1;1125;1125;"A";7;.16;"N";0;0
11;15;"Aleš";"Neumann";"";"";34;"CZ";"dìlník";"Níkovice";593435;1125;1125;"A";18;.42;"N";0;0
11;16;"Sandra";"Oláhová";"";"";27;"CZ";"manaer skladového hospodáøství";"Rakovník";541656;1125;1125;"A";29;.67;"N";0;0
11;17;"Kateøina";"Koprnická";"";"";43;"CZ";"asistentka";"Praha";1;1125;1125;"A";13;.3;"N";0;0
11;18;"Jiøí";"Koèí";"";"";40;"CZ";"muzejník";"Mladá Boleslav";535419;1125;1125;"A";19;.44;"N";0;0
11;19;"Roman";"Kryštof";"";"";47;"CZ";"øidiè";"Sedlištì";540692;1125;1125;"A";13;.3;"N";0;0
11;20;"Jan";"Sıkora";"";"";21;"CZ";"student";"Benešov";529303;1125;1125;"A";23;.53;"N";0;0
11;21;"Jana";"Nováková";"";"";40;"CZ";"reklamní agent";"Hradec Králové";569810;1125;1125;"A";17;.39;"N";0;0
11;22;"Viktor";"Jablonskı";"";"";50;"CZ";"øidiè";"Pøerov";511382;1125;1125;"A";15;.35;"N";0;0
11;23;"Jiøí";"Beneš";"";"";33;"CZ";"IT specialista";"Nová Ves";535117;1125;1125;"A";13;.3;"N";0;0
11;24;"Jaroslav";"Berka";"";"";42;"CZ";"technik";"Blatná";550850;1125;1125;"A";14;.32;"N";0;0
11;25;"Vladimír";"Jansa";"";"";42;"CZ";"sochaø a podnikatel";"Sázava";534382;1125;1125;"A";5;.11;"N";0;0
11;26;"Roman";"Dlouhı";"";"";61;"CZ";"bezpeènostní technik";"Praha";1;1125;1125;"A";5;.11;"N";0;0
11;27;"Josef";"Karásek";"";"";51;"CZ";"specialista na skladovou logistiku";"Praha";1;1125;1125;"A";3;.07;"N";0;0
11;28;"David";"Janïourek";"";"";28;"CZ";"technik";"Praha";1;1125;1125;"A";21;.49;"N";0;0
12;1;"Adam Benjamin";"Bartoš";"";"";39;"CZ";"pøedseda strany";"Kadaò";563102;79;79;"A";1320;7.05;"N";0;0
12;2;"Petr";"Hannig";"Mgr.";"";73;"CZ";"pøedseda strany, bıvalı prezidentskı kandidát";"Praha";1;137;137;"A";1898;10.14;"N";0;0
12;3;"Pavel";"Opl";"";"";47;"CZ";"policejní rada v.v.";"Praha";1;99;79;"A";953;5.09;"N";0;0
12;4;"Jiøí";"Somberg";"MUDr.";"";58;"CZ";"vedoucí lékaø nestátního zdravotního zaøízení";"Kosmonosy";570826;99;137;"A";298;1.59;"N";0;0
12;5;"Eugen Sigismund";"Freimann";"PhDr. ThDr. Mgr.";"Ph.D., M.A.";58;"CZ";"vysokoškolskı pedagog, pravoslavnı duchovní";"Teplice";567442;99;137;"A";341;1.82;"N";0;0
12;6;"Karin";"Szczyrbová";"Ing.";"";38;"CZ";"ekonomka, pøekladatelka, tlumoènice";"Karviná";598917;79;79;"A";292;1.56;"N";0;0
12;7;"Miloslav";"Hudec";"";"";52;"CZ";"instruktor støelby";"Nymburk";537004;99;137;"A";294;1.57;"N";0;0
12;8;"Vladimír";"Kotek";"MUDr.";"Ph.D., MBA";58;"CZ";"primáø urologie a klinické onkologie";"Brno";3;79;79;"A";699;3.73;"N";0;0
12;9;"Petr";"Fišer";"";"";59;"CZ";"vedoucí kulturního zaøízení mìsta Krupky";"Krupka";567639;137;137;"A";68;.36;"N";0;0
12;10;"Jan";"Sedláèek";"Bc.";"";24;"CZ";"studující oboru pøírodovìdy JU, ivnostník";"Rokycany";559717;79;79;"A";148;.79;"N";0;0
12;11;"Radek";"Dokoupil";"Ing.";"";49;"CZ";"technickı øeditel";"Lanškroun";580511;99;137;"A";149;.79;"N";0;0
12;12;"Ivan";"Cícha";"Ing.";"";57;"CZ";"stavbyvedoucí";"Tábor";552046;79;79;"A";112;.59;"N";0;0
12;13;"Zdenìk";"Moèydlan";"";"";49;"CZ";"ivnostník";"Ostrava";4;137;137;"A";75;.4;"N";0;0
12;14;"Vladimír";"Štádler";"Ing.";"";61;"CZ";"uèitel námoøní školy v Bratislavì, lodní special.";"Praha";1;99;79;"A";89;.47;"N";0;0
12;15;"Václav";"Makalouš";"Mgr.";"";41;"CZ";"administrativní pracovník v rodinné firmì";"Lhota pod Libèany";570231;99;137;"A";92;.49;"N";0;0
12;16;"Zdenìk";"Cekota";"Bc.";"";65;"CZ";"OSVÈ";"Zlín";585068;99;79;"A";81;.43;"N";0;0
12;17;"Vladimír";"Franta";"PhDr.";"Ph.D.";42;"CZ";"filolog, novináø";"Èernošice";539139;99;137;"A";119;.63;"N";0;0
12;18;"Alexandr";"Gegalèij";"Ing.";"";70;"CZ";"podnikatel, èlen Svìt. kong. Podkarp. Rusínù";"Praha";1;99;79;"A";33;.17;"N";0;0
12;19;"Jindøich";"Koèí";"";"";45;"CZ";"manaer realizace energetickıch staveb";"Èeské Budìjovice";544256;99;137;"A";89;.47;"N";0;0
12;20;"Josef";"Hausmann";"RNDr.";"CSc.";65;"CZ";"nezávislı publicista";"Vysoké nad Jizerou";577693;99;79;"A";170;.9;"N";0;0
12;21;"Vladimír";"Stejskal";"Ing.";"";58;"CZ";"systémovı specialista, informatik";"Zábøeh";541354;137;137;"A";54;.28;"N";0;0
12;22;"Jan";"Kozák";"Mgr.";"";68;"CZ";"nakladatel, pøekladatel ze sanskrtu";"Praha";1;99;79;"A";79;.42;"N";0;0
12;23;"Petr";"Seidel";"Ing.";"";54;"CZ";"projektant, konstruktér, stav. inenır";"Hradec Králové";569810;99;137;"A";85;.45;"N";0;0
12;24;"Petr";"Schiller";"";"";45;"CZ";"logistik";"Plzeò";2;79;79;"A";71;.37;"N";0;0
12;25;"Radek";"alud";"";"DiS.";33;"CZ";"pìvec, øádnı èlen republikové rady SONS ÈR";"Lipí";544761;99;137;"A";207;1.1;"N";0;0
12;26;"Ludìk";"Petráò";"Mgr.";"";51;"CZ";"uèitel ZŠ";"Ostrov";599395;99;137;"A";88;.47;"N";0;0
12;27;"Robert";"Peovskı";"";"";31;"CZ";"strojírenskı dìlník";"Èeská Skalice";573990;79;79;"A";155;.82;"N";0;0
12;28;"Silvia";"Weiszová";"";"";51;"CZ";"OSVÈ, místopøedsedkynì strany";"Praha";1;137;137;"A";124;.66;"N";0;0
13;1;"Petr";"Cibulka";"";"";68;"CZ";"pìtinásobnı politickı vìzeò, vydavatel seznamù StB";"Praha";1;98;98;"A";1122;23.61;"N";0;0
13;2;"Jan";"Beèka";"";"";41;"CZ";"koordinátor";"Ohrazenice";540960;99;98;"A";172;3.61;"N";0;0
13;3;"Mirko";"Horáèek";"";"";61;"CZ";"podnikatel a obchodní manaer";"Praha";1;99;98;"N";0;0;"N";0;0
13;4;"Milan";"Mikeš";"Mgr. Bc.";"";48;"CZ";"poèítaèovı specialista";"Øímov";545007;99;98;"A";113;2.37;"N";0;0
13;5;"Milan";"Koèík";"";"";63;"CZ";"volnı novináø, léèitel a Èeskı ombudsman";"ïár nad Sázavou";595209;99;98;"A";129;2.71;"N";0;0
13;6;"Miroslav";"Václavek";"";"";53;"CZ";"manaer, spisovatel, básník, politickı analytik";"Šumperk";523704;99;98;"A";67;1.4;"N";0;0
13;7;"Lubomír";"Tichı";"Ing.";"";71;"CZ";"angaovanı obèan";"Jaromìøice";578151;99;98;"A";24;.5;"N";0;0
13;8;"Petr";"Pøistoupil";"";"";36;"CZ";"zøizovatel a jednatel spolku";"Ústí nad Labem";5;99;98;"N";0;0;"N";0;0
13;9;"Miroslav";"Durdil";"";"";70;"CZ";"volnı novináø";"Praha";1;99;98;"A";20;.42;"N";0;0
13;10;"František";"Kazilovskı";"";"";62;"CZ";"údrbáø";"Láznì Bohdaneè";574767;99;98;"A";48;1.01;"N";0;0
13;11;"Bronislava";"Zigová";"";"";59;"CZ";"asistentka Èeského ombudsmana";"Nové Mìsto na Moravì";596230;99;98;"A";97;2.04;"N";0;0
13;12;"Antonín";"Grund";"";"";62;"CZ";"ivnostník";"Rokytnice v Orlickıch horách";576701;99;98;"A";30;.63;"N";0;0
13;13;"František";"Heršálek";"";"";66;"CZ";"angaovanı obèan";"Støevaè";573540;99;98;"A";25;.52;"N";0;0
13;14;"Milan";"Jirùšek";"";"";52;"CZ";"dìlník";"Hošálková";542750;99;98;"A";56;1.17;"N";0;0
13;15;"Jan";"Šafáø";"";"";71;"CZ";"angaovanı obèan";"Prštice";583707;99;98;"A";15;.31;"N";0;0
13;16;"Jiøí";"Budník";"";"";59;"CZ";"angaovanı obèan";"Bohumín";599051;99;98;"A";22;.46;"N";0;0
14;1;"Josef";"Zahradník";"";"";33;"CZ";"dopravní specialista kolejovıch vozidel";"Vıškov";566951;1209;1209;"A";102;4.59;"N";0;0
14;2;"Sabina";"Sejkorová";"";"";21;"CZ";"VŠ student oboru mezinárodní vztahy, MUP Praha";"Kvasiny";576425;99;1209;"A";132;5.94;"N";0;0
14;3;"Jan";"Vondrouš";"";"";41;"CZ";"podnikatel, lektor cizích jazykù";"Bohušovice nad Ohøí";564591;1209;1209;"A";56;2.52;"N";0;0
14;4;"Richard";"Mihula";"";"";47;"CZ";"administrativní prac. v obl. správy nemovitostí";"Brno";3;1209;1209;"A";18;.81;"N";0;0
14;5;"Petr";"ampach";"";"";22;"CZ";"VŠ student oboru Mezinárodní vztahy MUP Praha";"umberk";572641;1209;1209;"A";78;3.51;"N";0;0
14;6;"Alexander";"Klimeš";"JUDr.";"";77;"CZ";"advokát, pøísedící u obvodního soudu";"Pøíbram";539911;99;1209;"A";26;1.17;"N";0;0
14;7;"Miroslav";"Vašek";"";"";48;"CZ";"zdravotník psychiatrické nemocnice Havl. Brod";"Chotìboø";568759;99;1209;"A";15;.67;"N";0;0
14;8;"Tereza";"Šmajsová";"";"";21;"CZ";"VŠ student oboru humanitních studií, UK Praha";"Jesenice";539325;99;1209;"A";55;2.47;"N";0;0
14;9;"Ivan";"Fabián";"Bc.";"DiS.";61;"CZ";"uèitel prak. vıchovy v ob. elektrotechnika, dudák";"Èeské Budìjovice";544256;99;1209;"A";16;.72;"N";0;0
14;10;"Jan";"Prokeš";"";"";29;"CZ";"soukromı podnikatel, komunální politik";"umberk";572641;99;1209;"A";17;.76;"N";0;0
14;11;"Jiøí";"Vosláø";"";"";46;"CZ";"technickı pracovník v ostraze budov a osob";"Praha";1;99;1209;"A";6;.27;"N";0;0
14;12;"Pavel";"Køivka";"Ing.";"";58;"CZ";"botanickı zahradník, pøekladatel a nakladatel";"Pardubice";6;99;1209;"A";25;1.12;"N";0;0
14;13;"Lucie";"Nejedlová";"";"";33;"CZ";"floristka, majitel. a provoz. studia "Atelier 26"";"Tøebotov";539759;99;1209;"A";19;.85;"N";0;0
14;14;"Tomáš";"Foral";"Ing.";"";53;"CZ";"podnikatel v oblasti zahradnictví a sadaøství";"Brno";3;99;1209;"A";44;1.98;"N";0;0
14;15;"Petr";"Gotthard";"Ing.";"";41;"CZ";"IT technik a systémovı specialista";"Brno";3;99;1209;"A";27;1.21;"N";0;0
14;16;"Vladislav";"Auda";"";"";47;"CZ";"soukr. podnik. v oblasti mediál. sluby a propag.";"Slavkov u Brna";593583;99;1209;"A";5;.22;"N";0;0
14;17;"Lukáš";"Soukup";"";"";30;"CZ";"kuchaø";"Miroslav";594458;99;1209;"A";14;.63;"N";0;0
14;18;"Matìj";"Štrobl";"";"";23;"CZ";"sváøeè, autoklempíø";"Terezín";565717;99;1209;"A";22;.99;"N";0;0
14;19;"Jaroslav";"Ociepka";"";"";27;"CZ";"invalidní dùchodce, poštovní doruèovatel";"Loveèkovice";565211;99;1209;"A";17;.76;"N";0;0
15;1;"Radek";"Kòava";"";"";38;"CZ";"personalista v automobilce";"Pardubice";6;1222;1222;"A";150;5.43;"N";0;0
15;2;"Hana";"Filipová";"";"";49;"CZ";"dámská krejèí";"Sezemice";599573;1222;1222;"A";99;3.58;"N";0;0
15;3;"Vojtìch";"Antoš";"";"";29;"CZ";"inenır vıvoje a vızkumu";"Praha";1;99;1222;"A";109;3.94;"N";0;0
15;4;"Nikola";"Nestoroská";"";"";23;"CZ";"studentka UJEP";"Ústí nad Labem";5;1222;1222;"A";58;2.1;"N";0;0
15;5;"Martin";"Kvapil";"";"";46;"CZ";"vedoucí úklidové firmy";"Sezemice";575640;1222;1222;"A";32;1.15;"N";0;0
15;6;"Iva";"Konvalinová";"";"";30;"CZ";"kadeønice";"Praha";1;1222;1222;"A";38;1.37;"N";0;0
15;7;"Monika";"Vlasáková";"";"";28;"CZ";"èíšnice";"Sezemice";599573;1222;1222;"A";42;1.52;"N";0;0
15;8;"Eliška";"Wojnarovska";"";"";29;"CZ";"cukráøka";"Sezemice";599573;1222;1222;"A";62;2.24;"N";0;0
15;9;"Tomáš";"Vlasák";"";"";25;"CZ";"poštovní doruèovatel";"Holice";574988;1222;1222;"A";45;1.63;"N";0;0
15;10;"Adéla";"Konvalinová";"";"";35;"CZ";"na mateøské "dovolené"";"Holice";574988;1222;1222;"A";50;1.81;"N";0;0
15;11;"Lukáš";"Doubek";"";"";35;"CZ";"specialista kvality v automobilce";"Starı Kolín";533700;1222;1222;"A";55;1.99;"N";0;0
15;12;"Vladimír";"Vepøek";"";"";37;"CZ";"policista";"Pardubice";6;99;1222;"A";109;3.94;"N";0;0
16;1;"Ivan";"Holoubek";"prof. RNDr.";"CSc.";68;"CZ";"profesor chemie ivotního prostøedí PøF MU";"Brno";3;1200;1200;"A";1136;5.82;"N";0;0
16;2;"Viktor";"Kanickı";"prof. RNDr.";"DrSc.";65;"CZ";"profesor Ústavu chemie PøF MU";"Brno";3;99;1200;"A";542;2.78;"N";0;0
16;3;"Václav";"Dombek";"doc. RNDr.";"CSc.";58;"CZ";"docent na VŠB - TUO";"Šenov";598798;99;1200;"A";336;1.72;"N";0;0
16;4;"Blahoslav";"Maršálek";"prof. Ing.";"CSc.";54;"CZ";"vedoucí oddìlení v Botanickém ústavu AV ÈR";"Brno";3;99;1200;"A";475;2.43;"N";0;0
16;5;"Jana";"Hajšlová";"prof. Ing.";"CSc.";66;"CZ";"vedoucí Laboratoøe bezpeènosti potravin VŠCHT";"Praha";1;99;1200;"A";1235;6.33;"N";0;0
16;6;"Vladimír";"Koèí";"doc. Ing.";"Ph.D.";46;"CZ";"dìkan Fakulty technologie ochrany prostøedí VŠCHT";"Praha";1;99;1200;"A";780;4;"N";0;0
16;7;"Radim";"Vácha";"doc. Ing.";"Ph.D.";52;"CZ";"øeditel Vızkumného ústavu meliorací a ochrany pùdy";"Praha";1;99;1200;"A";461;2.36;"N";0;0
16;8;"Zbynìk";"Prokop";"prof. RNDr.";"Ph.D.";45;"CZ";"profesor RECETOX MU v Brnì";"Brno";3;99;1200;"A";452;2.31;"N";0;0
16;9;"Karel";"Ventura";"prof. Ing.";"CSc.";67;"CZ";"vedoucí Katedry analytické chemie FChT VŠCHT";"Pardubice";6;99;1200;"A";265;1.35;"N";0;0
16;10;"Petr";"Babula";"prof. PharmDr.";"Ph.D.";40;"CZ";"pøednosta Fyziologického ústavu LF MU";"Brno";3;53;1200;"A";319;1.63;"N";0;0
16;11;"Jiøina";"Macháèková";"RNDr.";"Ph.D.";47;"CZ";"vızkumná pracovnice v soukromé spoleènosti";"Liberec";7;99;1200;"A";175;.89;"N";0;0
16;12;"Jiøí";"Špaèek";"prof. MUDr.";"Ph.D., IFEPAG";61;"CZ";"pøednosta Porodnické a gynekologické kliniky";"Hradec Králové";569810;99;1200;"A";428;2.19;"N";0;0
16;13;"Marek";"Koutnı";"prof. Mgr.";"Ph.D.";46;"CZ";"vedoucí Ústavu inenırství ochrany P";"Zlín";585068;99;1200;"A";460;2.35;"N";0;0
16;14;"Jan";"Tøíska";"prof. Ing.";"CSc.";74;"CZ";"vızkumnı prac. Ústavu vızkumu globální zmìny AV ÈR";"Èeské Budìjovice";544256;99;1200;"A";146;.74;"N";0;0
16;15;"Pavel";"Janoš";"prof. Ing.";"CSc.";62;"CZ";"profesor Fakulty ivotního prostøedí UJEP";"Ústí nad Labem";5;99;1200;"A";170;.87;"N";0;0
16;16;"Lenka";"Schreiberová";"Ing.";"";32;"CZ";"vızkumník ve Vızkumném ústavu bezpeènosti práce";"Ostrava";4;99;1200;"A";237;1.21;"N";0;0
16;17;"Robert";"Skeøil";"Mgr.";"Ph.D.";40;"CZ";"datovı analytik v soukromé spoleènosti";"Brno";3;99;1200;"A";84;.43;"N";0;0
16;18;"Michael";"Tupı";"Ing.";"Ph.D.";39;"CZ";"koordinátor dotaèních projektù pro vìdu a vızkum";"Zlín";585068;99;1200;"A";115;.58;"N";0;0
16;19;"Jiøí";"Bílek";"Mgr.";"Ph.D.";51;"CZ";"analytik a projektovı manaer na VŠB - TUO";"Ostrava";4;99;1200;"A";111;.56;"N";0;0
16;20;"Ivan";"Novotnı";"doc. RNDr.";"CSc.";76;"CZ";"analytickı chemik a pøekladatel";"Praha";1;99;1200;"A";56;.28;"N";0;0
17;1;"Jiøí";"Vítek";"";"";45;"CZ";"místostarosta MÈ Praha 8, pøedseda Patriotù ÈR";"Praha";1;1004;1004;"A";193;14.97;"N";0;0
17;2;"Dagmar";"Krylová";"";"";63;"CZ";"zaklad. a pøeds. Klubu labunickıch pohodáøù z.s.";"Tın nad Vltavou";545201;99;2;"A";73;5.66;"N";0;0
17;3;"Vladimír";"Rybák";"";"";58;"CZ";"podnikatel";"Vlastec";598844;99;1004;"A";15;1.16;"N";0;0
17;4;"František";"Holı";"";"";47;"CZ";"místostarosta Jáchymova";"Jáchymov";555215;1004;1004;"A";25;1.93;"N";0;0
17;5;"Michal";"Klusáèek";"Ing.";"";39;"CZ";"leteckı inenır, pøedseda ÈSNS";"Praha";1;2;2;"A";49;3.8;"N";0;0
17;6;"Petr";"Duchek";"";"";55;"CZ";"zastupitel MÈ Praha 21";"Praha";1;1004;1004;"A";12;.93;"N";0;0
17;7;"Karel";"Janko";"Ing.";"";75;"CZ";"zastupitel Podolanky";"Podolanka";538621;175;2;"A";11;.85;"N";0;0
17;8;"Kristına";"Huráková";"";"";39;"CZ";"tlumoènice, pøekladatelka";"Èeské Budìjovice";544256;99;1004;"A";21;1.62;"N";0;0
17;9;"Marie";"Paukejová";"Ing.";"";64;"CZ";"zaklad. a pøedsedkynì spolku Jihoèeská RÙE z.s.";"Èeské Budìjovice";544256;99;2;"A";22;1.7;"N";0;0
17;10;"Michal";"Janovskı";"Mgr.";"";50;"CZ";"zastupitel MÈ Praha 8, uèitel";"Praha";1;1004;1004;"A";39;3.02;"N";0;0
17;11;"Miloslav";"Èermák";"";"";45;"CZ";"starosta Všestud, podnikatel";"Všestudy";535311;99;2;"A";8;.62;"N";0;0
17;12;"Michal";"Ševèík";"Mgr.";"";33;"CZ";"zastupitel, technicko-hospodáøskı pracovník";"Brno";3;99;2;"A";9;.69;"N";0;0
17;13;"Jan";"Neuman";"Mgr.";"";53;"CZ";"podnikatel";"Praha";1;1004;1004;"A";10;.77;"N";0;0
17;14;"Jiøí";"Semmelbauer";"";"";42;"CZ";"ivnostník";"Pøíbram";539911;99;1004;"A";7;.54;"N";0;0
17;15;"Jaroslav";"Tregler";"";"";53;"CZ";"leteckı mechanik";"Praha";1;99;1004;"A";21;1.62;"N";0;0
17;16;"Martina";"Horòáková";"";"";47;"CZ";"podnikatelka";"Høebeè";532371;1004;1004;"A";10;.77;"N";0;0
17;17;"Jiøí";"Varga";"Bc.";"";37;"CZ";"projektant";"Sokolov";560286;2;2;"A";22;1.7;"N";0;0
17;18;"Karel";"Hajoš";"";"";46;"CZ";"ivnostník";"Praha";1;1004;1004;"A";20;1.55;"N";0;0
17;19;"Juraj";"Seman";"";"";51;"CZ";"øidiè";"Brno";3;99;2;"A";16;1.24;"N";0;0
17;20;"Ivan";"Holkup";"";"";30;"CZ";"manaer";"Romitál na Šumavì";545775;99;1004;"A";8;.62;"N";0;0
17;21;"Libuše";"Benešová";"";"";55;"CZ";"OSVÈ";"Jihlava";586846;99;2;"A";2;.15;"N";0;0
17;22;"Milan";"Bubal";"";"";43;"CZ";"daòovı poradce";"Èeské Budìjovice";544256;99;1004;"A";9;.69;"N";0;0
17;23;"Richard";"Tùma";"";"";44;"CZ";"OSVÈ";"Kutná Hora";533955;99;2;"A";10;.77;"N";0;0
17;24;"Daniel";"Bobek";"";"";45;"CZ";"ivnostník";"Praha";1;1004;1004;"A";3;.23;"N";0;0
17;25;"Antonín";"Krátkı";"";"";36;"CZ";"øidiè";"Hartmanice";536075;2;2;"A";12;.93;"N";0;0
17;26;"Zdenìk";"Najer";"";"";43;"CZ";"podnikatel";"Praha";1;99;1004;"A";4;.31;"N";0;0
17;27;"Josef";"Štìpánek";"";"";56;"CZ";"OSVÈ";"Dìèín";562335;99;2;"A";2;.15;"N";0;0
17;28;"Petr";"Pospìch";"Ing.";"";52;"CZ";"trenér softbalového klubu";"Praha";1;99;1004;"A";8;.62;"N";0;0
18;1;"Petr";"Kováè";"";"";46;"CZ";"podnikatel";"Brno";3;1223;1223;"A";88;10.52;"N";0;0
18;2;"Oldøich";"Duchoò";"";"";56;"CZ";"podnikatel";"Brno";3;99;1223;"N";0;0;"N";0;0
18;3;"Lukáš";"Dvoøák";"";"";24;"CZ";"øidiè";"Brno";3;1223;1223;"A";64;7.65;"N";0;0
19;1;"Václav";"Kubata";"Ing.";"";57;"CZ";"bıv. pøeds. Stálé delegace PÈR do PS Rady Evropy";"Praha";1;99;785;"A";211;2.68;"N";0;0
19;2;"Eva";"Syková";"prof. MUDr.";"DrSc.";74;"CZ";"vìdkynì, lékaøka, senátorka v období 2012 - 2018";"Praha";1;99;785;"A";246;3.12;"N";0;0
19;3;"Tomáš";"Kotora";"Ing. Bc.";"";53;"CZ";"øeditel plaveckého bazénu Plzeò, ekonom";"Plzeò";2;99;785;"A";289;3.67;"N";0;0
19;4;"Van Sang";"Tran";"Ing.";"";33;"CZ";"majitel integraèního centra";"Most";567027;99;785;"A";620;7.88;"N";0;0
19;5;"Alexandr";"Chvátal";"doc. RNDr.";"DrSc., MBA";56;"CZ";"øídící prac. pro vìdu a vızkum v oblasti zdravot.";"Praha";1;99;785;"A";162;2.05;"N";0;0
19;6;"Pavlína";"Schwarzová";"";"";41;"CZ";"místostarostka mìsta Nejdek";"Nejdek";555380;99;785;"A";107;1.35;"N";0;0
19;7;"Richard";"Matiašek";"Mgr.";"";37;"CZ";"èlen Rady MO Ústí nad Labem, fotograf";"Ústí nad Labem";5;99;785;"A";237;3.01;"N";0;0
19;8;"Ota";"Staòo";"MUDr.";"";62;"CZ";"primáø ortopedie";"Chomutov";562971;785;785;"A";167;2.12;"N";0;0
19;9;"Tomáš";"Krystl";"MUDr.";"";55;"CZ";"diabetolog, pøeds. Vıb. pro kulturu a sport Letkov";"Letkov";540561;785;785;"A";82;1.04;"N";0;0
19;10;"Klára";"Pohanková";"MUDr.";"";32;"CZ";"lékaøka, Masarykova nemocnice Ústí nad Labem";"Ústí nad Labem";5;785;785;"A";228;2.89;"N";0;0
19;11;"Pavel";"Vostøák";"";"";46;"CZ";"hokejovı trenér mládee, bıv. reprezentant ÈR";"Plzeò";2;99;785;"A";231;2.93;"N";0;0
19;12;"Hana";"Nestávalová";"MUDr.";"";65;"CZ";"lékaøka, radiodiagnostika";"Chomutov";562971;99;785;"A";84;1.06;"N";0;0
19;13;"Boris";"Kudláèek";"PhDr.";"";51;"CZ";"marketinkovı specialista";"Vysoké Chvojno";576000;99;785;"A";25;.31;"N";0;0
19;14;"Vìra";"Pavlíèková";"MUDr.";"";62;"CZ";"chirurg, zakladatelka enského hokeje v Plzni";"Plzeò";2;785;785;"A";164;2.08;"N";0;0
19;15;"Michal";"Kasal";"Ing.";"";47;"CZ";"ekonom, zastupitel mìsta Teplice";"Teplice";567442;99;785;"A";57;.72;"N";0;0
19;16;"Jan";"Kuchaø";"";"";45;"CZ";"starosta mìsta Františkovy Láznì";"Františkovy Láznì";554529;785;785;"A";77;.97;"N";0;0
19;17;"Miroslava";"Prùchová";"MUDr.";"";56;"CZ";"lékaøka, pøedsedkynì spolku Vìtráme školy";"Rokycany";559717;785;785;"A";78;.99;"N";0;0
19;18;"Aleš";"Tolar";"Bc.";"";42;"CZ";"starosta Mìstského obvodu Plzeò 9 - Malesice";"Plzeò";2;99;785;"A";41;.52;"N";0;0
19;19;"Michal";"Ševcovic";"Mgr.";"";54;"CZ";"námìs. primátora mìsta Ústí nad Labem, øed. ZŠ";"Ústí nad Labem";5;785;785;"A";102;1.29;"N";0;0
19;20;"Michal";"Guse";"PhDr.";"";42;"CZ";"bıvalı mistr ÈR v cyklistice, pedagog, trenér";"Louny";565971;99;785;"A";93;1.18;"N";0;0
19;21;"Petr";"Benda";"Ing.";"";48;"CZ";"provozovatel sportovních areálù";"Teplice";567442;99;785;"A";34;.43;"N";0;0
19;22;"Karel";"Götz";"Mgr.";"";54;"CZ";"finanèní poradce, fotograf";"Plzeò";2;99;785;"A";20;.25;"N";0;0
19;23;"Helena";"Kubcová";"Mgr.";"";63;"CZ";"pedagog, trenérka";"Ústí nad Labem";5;785;785;"A";52;.66;"N";0;0
19;24;"Pavel";"Klepáèek";"Ing.";"";50;"CZ";"místostarosta mìsta Aš";"Aš";554499;785;785;"A";112;1.42;"N";0;0
19;25;"Jan";"Postránskı";"Ing.";"";42;"CZ";"øeditel Interhotelu Bohemia";"Ústí nad Labem";5;99;785;"A";26;.33;"N";0;0
19;26;"Jiøí";"Uhlík";"";"MBA";49;"CZ";"místostarosta Mìstskı obvod Plzeò 1";"Plzeò";2;99;785;"A";67;.85;"N";0;0
19;27;"Petr";"Ajšman";"";"";42;"CZ";"OSVÈ, pøed. míst. sdru. PRO Zdraví a Sport Touim";"Touim";555657;785;785;"A";74;.94;"N";0;0
19;28;"Vlasta";"Štochlová";"";"";55;"CZ";"pøedsedkynì SVJ";"Jirkov";563099;99;785;"A";37;.47;"N";0;0
21;1;"Vladan";"Ševèík";"Ing.";"";44;"CZ";"energetik a jednatel vinaøství, èlen rady MZH";"Olšany";550132;1190;1190;"A";193;6.04;"N";0;0
21;2;"Miriam";"Nıvltová Fišáková";"RNDr.";"Ph.D.";44;"CZ";"vìdecká pracovnice Akademie vìd ÈR";"Brno";3;1190;1190;"A";143;4.47;"N";0;0
21;3;"Jiøí";"Kacetl";"PhDr.";"";43;"CZ";"zastupitel mìsta a historik";"Znojmo";593711;1190;1190;"A";275;8.6;"N";0;0
21;4;"Eva";"Darmovzalová";"Mgr.";"";39;"CZ";"zastupitelka obce a uèitelka";"Bošovice";592919;1190;1190;"A";54;1.69;"N";0;0
21;5;"Bohumil";"Šuhaj";"Mgr.";"";38;"CZ";"zastupitel mìsta a uèitel";"Daèice";546127;1190;1190;"A";55;1.72;"N";0;0
21;6;"Lada";"Bastlová";"Mgr.";"";39;"CZ";"zastupitelka obce a soc. prac. v nev. nezisk. org.";"Raèice-Pístovice";593516;1190;1190;"A";60;1.87;"N";0;0
21;7;"Ondøej";"Hısek";"Mgr.";"Ph.D.";39;"CZ";"zastup. MÈ a zást. øeditele gymnázia, pøeds. MZH";"Brno";3;1190;1190;"A";114;3.56;"N";0;0
21;8;"Dana";"Staòková";"Ing.";"";36;"CZ";"podnikatelka v zemìdìlství";"Suchdol nad Lunicí";547280;1190;1190;"A";56;1.75;"N";0;0
21;9;"Milan";"Toèík";"Mgr.";"";49;"CZ";"zastupitel mìsta a øeditel gymnázia";"Daèice";546127;1190;1190;"A";52;1.62;"N";0;0
21;10;"Ondøej";"Mlejnek";"Mgr.";"Ph.D.";37;"CZ";"zastupitel obce, archeolog a univerzitní uèitel";"Ochoz u Brna";583537;1190;1190;"A";49;1.53;"N";0;0
21;11;"Pavel";"Trèala";"";"B.A., M.A.";41;"CZ";"podnikatel a místopøedseda MZH";"Brno";3;1190;1190;"A";93;2.91;"N";0;0
21;12;"Vladimíra";"Melounová";"";"";66;"CZ";"podnikatelka";"Brno";3;1190;1190;"A";11;.34;"N";0;0
21;13;"Jiøí";"Koláøskı";"Mgr. Ing.";"";61;"CZ";"právník na rektorátu univerzity a èlen rady MZH";"Brno";3;1190;1190;"A";37;1.15;"N";0;0
21;14;"Jaroslav";"Kupka";"JUDr.";"";66;"CZ";"právník u Veøejného ochránce práv";"Vyškov";592889;1190;1190;"A";43;1.34;"N";0;0
21;15;"Bohuslav";"Klíma";"doc. PhDr.";"CSc.";69;"CZ";"archeolog, univerzitní uèitel a èlen rady MZH";"Brno";3;1190;1190;"A";51;1.59;"N";0;0
21;16;"Petr";"Chòoupek";"";"";47;"CZ";"zastupitel obce a šéfredaktor";"Mastník";591122;1190;1190;"A";66;2.06;"N";0;0
21;17;"Anna";"Ludíková";"Mgr.";"";65;"CZ";"uèitelka";"Bošovice";592919;1190;1190;"A";22;.68;"N";0;0
21;18;"Jiøí";"Pelka";"Ing.";"M.A.";65;"CZ";"lingvista a èlen rady MZH";"Staré Mìsto";550752;1190;1190;"A";18;.56;"N";0;0
21;19;"Dalimila";"Hodaòová";"PaedDr.";"";63;"CZ";"uèitelka";"Brno";3;1190;1190;"A";15;.46;"N";0;0
21;20;"Zdenìk";"Kuèírek";"";"";63;"CZ";"dùchodce";"Jihlava";586846;1190;1190;"A";8;.25;"N";0;0
21;21;"Petr";"Plchút";"";"";41;"CZ";"pøípraváø vıroby";"Tøebíè";590266;1190;1190;"A";33;1.03;"N";0;0
21;22;"Karel";"Šmerda";"";"";47;"CZ";"zámeèník";"Rousínov";593559;1190;1190;"A";37;1.15;"N";0;0
21;23;"Zdenìk";"Albrecht";"Ing.";"CSc.";66;"CZ";"geograf a kartograf";"Brno";3;1190;1190;"A";12;.37;"N";0;0
21;24;"Roman";"Zahradníèek";"";"";45;"CZ";"podnikatel";"Brno";3;1190;1190;"A";6;.18;"N";0;0
21;25;"Martin";"Grepl";"Ing.";"";26;"CZ";"energetik";"Paèlavice";588849;1190;1190;"A";23;.71;"N";0;0
21;26;"František";"Verbík";"";"";22;"CZ";"pracovník v médiích";"Hrušky";584487;1190;1190;"A";11;.34;"N";0;0
21;27;"František";"Paøízek";"";"";74;"CZ";"strojaø - konstruktér";"Brno";3;1190;1190;"A";12;.37;"N";0;0
21;28;"Bedøich";"Nìmeèek";"";"";52;"CZ";"podnikatel";"Jihlava";586846;99;1190;"A";14;.43;"N";0;0
22;1;"David";"Rath";"MUDr.";"";53;"CZ";"lékaø";"Hostivice";539244;99;759;"A";945;36.22;"N";0;0
22;2;"Stanislav";"Huml";"Mgr.";"";63;"CZ";"bezpeènostní expert";"Brandıs nad Labem-Stará Boleslav";538094;99;759;"A";341;13.07;"N";0;0
22;3;"Jana";"Volfová";"Mgr.";"";61;"CZ";"pøedsedkynì strany, uèitelka";"Praha";1;759;759;"A";128;4.9;"N";0;0
22;4;"Jan";"Rytíø";"JUDr.";"Ph.D.";50;"CZ";"právník";"Olomouc";500496;759;759;"A";91;3.48;"N";0;0
22;5;"Vladimír";"Dryml";"MUDr.";"";67;"CZ";"lékaø";"Vrchlabí";579858;759;759;"A";133;5.09;"N";0;0
22;6;"Iva";"Procházková";"";"";49;"CZ";"zdravotní sestra";"Teplice";567442;759;759;"A";27;1.03;"N";0;0
22;7;"Karel";"Nedbálek";"JUDr. Ing.";"Ph.D., MBA";62;"CZ";"právník, ekonom";"Zlín";585068;759;759;"A";52;1.99;"N";0;0
22;8;"Miroslav";"Timura";"Mgr.";"";60;"CZ";"právník";"Mnichov";536563;99;759;"A";17;.65;"N";0;0
22;9;"Jana";"Borkovcová";"Mgr.";"";38;"CZ";"projektová konzultantka";"Osová Bítıška";596345;99;759;"A";27;1.03;"N";0;0
22;10;"Jana";"Štablová";"";"";49;"CZ";"prodavaèka, invalidní dùchodkynì";"Ostrava";4;99;759;"A";10;.38;"N";0;0
22;11;"Roman";"Bakala";"";"";45;"CZ";"ivnostník";"Plzeò";2;99;759;"A";14;.53;"N";0;0
22;12;"Petr";"Hudlík";"";"";64;"CZ";"zastupitel mìstské èásti Starı Lískovec";"Brno";3;99;759;"A";19;.72;"N";0;0
22;13;"Roman";"Bureš";"Ing.";"";57;"CZ";"technik";"Èeské Budìjovice";544256;759;759;"A";9;.34;"N";0;0
22;14;"Pavel";"Havránek";"";"";43;"CZ";"zastupitel obce, IT specialista";"Ptice";532789;759;759;"A";13;.49;"N";0;0
22;15;"Andréa";"Komárková";"";"";59;"CZ";"invalidní dùchodkynì";"Brno";3;99;759;"A";10;.38;"N";0;0
22;16;"Bohumil";"Ferenc";"";"";51;"CZ";"ivnostník";"Olomouc";500496;759;759;"A";21;.8;"N";0;0
22;17;"Jiøí";"Jiskra";"";"";39;"CZ";"automechanik";"Mšené-láznì";565318;99;759;"A";17;.65;"N";0;0
22;18;"Nadìda";"Malinová";"";"";40;"CZ";"asistentka podnikatele";"Slušovice";585777;759;759;"A";15;.57;"N";0;0
22;19;"Marek";"Vokšay";"";"";48;"CZ";"ivnostník";"Ústí nad Labem";5;759;759;"A";10;.38;"N";0;0
22;20;"Josef";"Zıka";"";"";49;"CZ";"zastupitel obce";"Letkov";540561;759;759;"A";5;.19;"N";0;0
22;21;"Marek";"Maceják";"";"";48;"CZ";"místostarosta obce";"Pòovice";552160;99;759;"A";13;.49;"N";0;0
22;22;"Pavel";"Vojík";"Ing.";"";52;"CZ";"státní zamìstnanec";"Úice";534510;759;759;"A";12;.45;"N";0;0
22;23;"Libor";"Skrunı";"";"";52;"CZ";"tiskaø";"Zlonín";539082;759;759;"A";4;.15;"N";0;0
22;24;"Milan";"Roháè";"";"";35;"CZ";"administrativní pracovník na univerzitì";"Praha";1;99;759;"A";7;.26;"N";0;0
22;25;"Alena";"Èáslavská";"";"";38;"CZ";"úèetní";"Hostivice";539244;99;759;"A";34;1.3;"N";0;0
22;26;"Gabriela";"Hanèlová";"";"";56;"CZ";"zamìstnankynì";"Zlín";585068;759;759;"A";12;.45;"N";0;0
22;27;"Radomil";"Bek";"Bc.";"";42;"CZ";"ekonom";"Kraslice";560472;99;759;"A";10;.38;"N";0;0
22;28;"David";"Štìpán";"";"";55;"CZ";"pøedseda strany, uèitel";"Teplice";567442;155;759;"A";26;.99;"N";0;0
23;1;"Daniel";"Koneènı";"";"";46;"CZ";"dotaèní poradce";"Praha";1;1224;1224;"A";153;9.25;"N";0;0
24;1;"Pavel";"Telièka";"JUDr.";"";53;"CZ";"místopøedseda Evropského parlamentu";"Jílovištì";539341;1220;1220;"A";17448;30.9;"N";0;0
24;2;"Petr";"Jeek";"Ing.";"";54;"CZ";"pøedseda vıboru a delegace Evropského parlamentu";"Praha";1;1220;1220;"A";3333;5.9;"N";0;0
24;3;"Aleš";"Novák";"Mgr.";"LL.M.";47;"CZ";"právník, advokát";"Malé Kyšice";532631;1220;1220;"A";290;.51;"N";0;0
24;4;"Michaela";"Tejmlová";"Mgr.";"LL.M.";42;"CZ";"právnièka, mediátorka a zastup. v Jablonci nad N.";"Jablonec nad Nisou";563510;99;1220;"A";1484;2.62;"N";0;0
24;5;"Martin";"Pøevrátil";"Mgr.";"";47;"CZ";"sociolog a zastupitel MÈ Praha - Bøezinìves";"Praha";1;1220;1220;"A";191;.33;"N";0;0
24;6;"Mona";"Nechvátalová";"PhDr. Mgr.";"";58;"CZ";"právnièka a soudní pøekladatelka";"Brno";3;99;1220;"A";341;.6;"N";0;0
24;7;"Kateøina";"Novotná";"Ing.";"";31;"CZ";"poradkynì poslance Evropského parlamentu";"Praha";1;99;1220;"A";492;.87;"N";0;0
24;8;"Michael Pascal";"Veèeø";"Ing. et Ing.";"";31;"CZ";"vedoucí odd. rozvoj. proj. ve staveb. na MPO ÈR";"Praha";1;99;1220;"A";225;.39;"N";0;0
24;9;"Michael";"ivìla";"Mgr. Bc.";"";28;"CZ";"právník";"Vyškov";592889;1220;1220;"A";135;.23;"N";0;0
24;10;"Eva";"Jeslínková";"";"";39;"CZ";"zamìstnanec zahr. vıboru Evropského parlamentu";"Praha";1;99;1220;"A";152;.26;"N";0;0
24;11;"Lubomír";"Nentvich";"Ing.";"MBA";60;"CZ";"ekonom";"Praha";1;99;1220;"A";78;.13;"N";0;0
24;12;"Jan";"Èulík";"Mgr.";"";33;"CZ";"podnikatel";"Tábor";552046;136;1220;"A";133;.23;"N";0;0
24;13;"Michaela";"Cichoòová";"Mgr.";"";42;"CZ";"ekolog";"Unhoš";533017;99;1220;"A";161;.28;"N";0;0
24;14;"Karel";"Dvoøák";"Mgr.";"";54;"CZ";"pedagog a mezinárodní rozhodèí";"Lodìnice";531464;99;1220;"A";83;.14;"N";0;0
24;15;"Jakub";"Èervenka";"";"MSc.";25;"CZ";"ekonom";"Praha";1;99;1220;"A";64;.11;"N";0;0
24;16;"Jan";"Havlíèek";"Bc.";"";29;"CZ";"podnikatel";"Brandıs nad Labem-Stará Boleslav";538094;99;1220;"A";46;.08;"N";0;0
24;17;"Lukáš";"Zahálka";"PharmDr.";"Ph.D.";31;"CZ";"farmaceut";"Humpolec";547999;99;1220;"A";195;.34;"N";0;0
24;18;"Martin";"Jícha";"";"";24;"CZ";"asistent advokáta";"Nuèice";533548;99;1220;"A";55;.09;"N";0;0
24;19;"Ján";"Michalèák";"";"MSc.";25;"CZ";"politolog";"Støíbro";561215;1220;1220;"A";144;.25;"N";0;0
24;20;"Antonia";"Sabathilová";"";"";22;"CZ";"studentka (Physiotherapie)";"Janovice nad Úhlavou";556394;99;1220;"A";89;.15;"N";0;0
24;21;"Milan";"Koláèek";"Mgr.";"";26;"CZ";"advokátní koncipient";"Brno";3;99;1220;"A";105;.18;"N";0;0
25;1;"Vít";"Jedlièka";"Mgr.";"";35;"CZ";"prezident Liberlandu";"Praha";1;99;714;"A";1711;11.04;"N";0;0
25;2;"Tomáš";"Pajonk";"Ing.";"";37;"CZ";"pøed. st. Svobodní, podnik., vıvojáø, kr. zastup.";"Zašová";545236;714;714;"A";1558;10.05;"N";0;0
25;3;"Boleslav";"Buzek";"";"";49;"CZ";"pøed. str. Radostné Èesko, manaer IT spoleènosti";"Frıdlant nad Ostravicí";598143;1184;1184;"A";266;1.71;"N";0;0
25;4;"Miroslav";"Havrda";"MUDr.";"";55;"CZ";"lékaø, zakladatel podiatrie v ÈR";"Hradec Králové";569810;714;714;"A";336;2.16;"N";0;0
25;5;"David";"Pokornı";"Bc.";"";24;"CZ";"zastupitel mìsta Brna, fyzik";"Brno";3;714;714;"A";211;1.36;"N";0;0
25;6;"Libor";"Vondráèek";"";"";24;"CZ";"správce e-shopu, student práv, moderátor rádia";"Jindøichùv Hradec";545881;714;714;"A";378;2.43;"N";0;0
25;7;"Jaroslav";"Marsa";"Ing.";"MBA";58;"CZ";"projektovı manaer";"Praha";1;714;714;"A";82;.52;"N";0;0
25;8;"Nadìda";"Zímová";"Ing.";"";57;"CZ";"daòová poradkynì";"Kladno";532053;1184;1184;"A";61;.39;"N";0;0
25;9;"Pavel";"Mises";"Ing. Mgr.";"";32;"CZ";"IT konzultant, zastupitel";"Brno";3;714;714;"A";108;.69;"N";0;0
25;10;"Terézia";"Mlınková Išková";"Mgr.";"";28;"CZ";"právnièka, radní mìsta Hodonín";"Hodonín";547794;714;714;"A";187;1.2;"N";0;0
25;11;"Roman";"Køí";"Mgr.";"";51;"CZ";"ivnostník, právník, místop. Spr. rady Mensa gymn.";"Praha";1;714;714;"A";1003;6.47;"N";0;0
25;12;"Marek";"Šoška";"";"";21;"CZ";"zastupitel, referent právního oddìlení";"Ladná";558443;714;714;"A";49;.31;"N";0;0
25;13;"Mojmír";"Mikuláš";"Ing.";"";51;"CZ";"stavební inenır, zastupitel MÈ Praha 3";"Praha";1;714;714;"A";81;.52;"N";0;0
25;14;"Jiøí";"Strachota";"Mgr.";"CSc.";72;"CZ";"fyzik";"Golèùv Jeníkov";568635;714;714;"A";63;.4;"N";0;0
25;15;"Martin";"Baroch";"Bc.";"";47;"CZ";"podnikatel v geodézii";"Kladno";532053;1184;1184;"A";51;.32;"N";0;0
25;16;"Jiøí";"Zapletal";"Ing.";"";38;"CZ";"jednatel spoleènosti, administr. zadávacích øízení";"Ostrava";4;714;714;"A";52;.33;"N";0;0
25;17;"Oldøich";"Peprla";"Ing.";"";35;"CZ";"podnikatel";"Brno";3;714;714;"A";27;.17;"N";0;0
25;18;"Denisa";"Zlámalová";"";"";22;"CZ";"studentka";"Brno";3;714;714;"A";60;.38;"N";0;0
25;19;"Vítìzslav";"Stanovskı";"Bc.";"";46;"CZ";"podnikatel";"Krnov";597520;714;714;"A";35;.22;"N";0;0
25;20;"Roman";"Bartolšic";"Ing.";"";26;"CZ";"manaer";"Brno";3;714;714;"A";32;.2;"N";0;0
25;21;"Marek";"Hejduk";"PhDr. Mgr.";"LL.M.";30;"CZ";"ved. odd. práv. odb. správ. agend ÚMÈ Praha 4";"Praha";1;714;714;"A";69;.44;"N";0;0
25;22;"Zenon";"Kuder";"Ing.";"";30;"CZ";"systémovı inenır";"Bohumín";599051;714;714;"A";29;.18;"N";0;0
25;23;"Michal";"Malı";"";"";63;"CZ";"øeditel spoleènosti";"Praha";1;714;714;"A";35;.22;"N";0;0
25;24;"Zdenìk";"Pøikryl";"Ing.";"";53;"CZ";"majitel obchodu";"Pardubice";6;714;714;"A";35;.22;"N";0;0
25;25;"Josef";"Lebduška";"Ing.";"";68;"CZ";"soukromı podnikatel";"Chrudim";571164;714;714;"A";29;.18;"N";0;0
25;26;"Philip";"Prentis";"Ing.";"Ph.D.";38;"CZ";"programátor";"Veselí nad Lunicí";553271;714;714;"A";47;.3;"N";0;0
25;27;"Václav";"Veselka";"Ing.";"";28;"CZ";"marketingovı specialista";"Praha";1;714;714;"A";159;1.02;"N";0;0
25;28;"Vladimír";"Gregor";"Ing.";"";61;"CZ";"ekonom";"Dìèín";562335;714;714;"A";39;.25;"N";0;0
26;1;"Jiøí";"Pospíšil";"JUDr.";"";43;"CZ";"právník, pø. spr. rady Museum Kampa, europoslanec";"Praha";1;721;721;"A";37231;13.47;"A";2;0
26;2;"Stanislav";"Polèák";"JUDr.";"";39;"CZ";"VŠ pedagog, pø. cel. svazu SMS ÈR, europoslanec";"Praha";1;166;166;"A";25352;9.17;"A";3;0
26;3;"Ludìk";"Niedermayer";"RNDr.";"";53;"CZ";"europoslanec, bıv. viceguvernér Èeské nár. banky";"Mìchenice";539490;721;721;"A";67430;24.41;"A";1;0
26;4;"Radim";"Sršeò";"Ing.";"Ph.D.";39;"CZ";"starosta, VŠ uèitel, zást. ÈR ve Vıboru regionù EU";"Dolní Studénky";553379;166;166;"A";10540;3.81;"N";0;1
26;5;"Petr";"Štìpánek";"Mgr.";"CSc.";53;"CZ";"pøírodovìdec, star. MÈ P-4, pø. Strany zelenıch";"Praha";1;5;166;"A";7848;2.84;"N";0;2
26;6;"Marek";"eníšek";"PhDr.";"Ph.D.";40;"CZ";"vıkonnı øeditel think-tanku TOPAZ, politolog";"Plzeò";2;721;721;"A";5272;1.9;"N";0;3
26;7;"Gabriela";"Pecková";"MUDr.";"";62;"CZ";"lékaøka";"Praha";1;721;721;"A";2138;.77;"N";0;4
26;8;"Pavel";"Pavel";"Ing.";"";62;"CZ";"experimentální archeolog";"Strakonice";550787;766;166;"A";4314;1.56;"N";0;5
26;9;"Pavlína";"Springerová";"Mgr. et Mgr.";"Ph.D.";42;"CZ";"dìkanka Filosofické fakulty Univerzity HK";"Hradec Králové";569810;1049;166;"A";2777;1;"N";0;6
26;10;"Kateøina";"Bursíková Jacques";"PhDr.";"";47;"CZ";"øeditelka byznysového a vzdìlávacího centra";"Praha";1;795;721;"A";7681;2.78;"N";0;7
26;11;"Vojtìch";"Vais";"";"";26;"CZ";"právník";"Kosmonosy";570826;721;721;"A";1176;.42;"N";0;8
26;12;"Petr";"Kulhánek";"Ing.";"";48;"CZ";"personalista, místopø. Svazu mìst a obcí pro EU";"Karlovy Vary";554961;182;166;"A";1122;.4;"N";0;9
26;13;"Kryštof";"Èiinskı";"Mgr.";"";37;"CZ";"právník";"Praha";1;99;721;"A";2075;.75;"N";0;10
26;14;"Karolína";"ákovská";"JUDr.";"Ph.D.";43;"CZ";"právnièka, VŠ pedagoka, zast. mìsta Ústí nad L.";"Ústí nad Labem";5;5;166;"A";3130;1.13;"N";0;11
26;15;"Jakub";"Hruška";"prof. RNDr.";"CSc.";54;"CZ";"pøírodovìdec, vysokoškolskı pedagog";"Praha";1;721;721;"A";2362;.85;"N";0;12
26;16;"Josef";"Horinka";"Mgr.";"";50;"CZ";"starosta Hrádku nad Nisou, zast. Liber. kraje";"Hrádek nad Nisou";564095;703;166;"A";1106;.4;"N";0;13
26;17;"Radovan";"Auer";"";"";44;"CZ";"øeditel veletrhu Svìt knihy";"Šumperk";523704;721;721;"A";680;.24;"N";0;14
26;18;"Michaela";"Opltová";"Ing.";"";33;"CZ";"starostka obce Kozolupy";"Kozolupy";559059;166;166;"A";1724;.62;"N";0;15
26;19;"Roman";"Haken";"Mgr. Ing.";"";56;"CZ";"poradce, Platforma nestát. neziskovıch organizací";"Praha";1;795;721;"A";320;.11;"N";0;16
26;20;"Matouš";"Vencálek";"Mgr.";"";30;"CZ";"religionista, pøed. Strany zelenıch v Jihomor. kr.";"Brno";3;5;166;"A";507;.18;"N";0;17
26;21;"Lukáš";"Otys";"Bc.";"MBA";34;"CZ";"mediální konzultant, podnikatel";"Karlovy Vary";554961;721;721;"A";184;.06;"N";0;18
26;22;"Daniel";"Èernı";"Ing.";"";46;"CZ";"obchodní øeditel";"Chomutov";562971;99;166;"A";370;.13;"N";0;19
26;23;"Tomáš Ignác";"Fénix";"Bc.";"";38;"CZ";"soukr. ekozemìdìlec, vicep. Evr. rady ml. zemìdìl.";"Pravice";594687;721;721;"A";1308;.47;"N";0;20
26;24;"Hana";"Vacková";"Ing. Mgr.";"";64;"CZ";"støedoškolská uèitelka";"Olomouc";500496;5;166;"A";370;.13;"N";0;21
26;25;"Terezie";"Radomìøská";"Mgr.";"";50;"CZ";"pøekladatelka, spisovatelka";"Praha";1;721;721;"A";483;.17;"N";0;22
26;26;"Petr";"Kutílek";"";"M.A., M.S.";43;"CZ";"VŠ uèitel, zastupitel, zahraniènìpolitickı expert";"Praha";1;5;166;"A";460;.16;"N";0;23
26;27;"Radek";"Zapletal";"Mgr.";"";47;"CZ";"technik BOZP a PO, podnikatel";"Velkı Vøešov";579793;721;721;"A";158;.05;"N";0;24
26;28;"Alois";"Ullmann";"";"";34;"CZ";"fin. spec. v oboru IT, místopø. strany iÈesko";"Praha";1;1038;166;"A";339;.12;"N";0;25
27;1;"Marcel";"Kolaja";"Bc.";"";38;"CZ";"bojovník za otevøenı software, manaer";"Brno";3;720;720;"A";15398;4.65;"A";1;0
27;2;"Markéta";"Gregorová";"Bc.";"";26;"CZ";"ukulelistka, pøedsedkynì Evropské pirátské strany";"Brno";3;720;720;"A";14158;4.27;"A";2;0
27;3;"Mikuláš";"Peksa";"Mgr.";"";32;"CZ";"reprezentant Pirátù v PSP ÈR, biofyzik";"Litomìøice";564567;720;720;"A";9594;2.89;"A";3;0
27;4;"Lukáš";"Blaej";"";"";23;"CZ";"ekolog, právní asistent se zamìøením na právo P";"Ústí nad Labem";5;720;720;"A";11316;3.42;"N";0;1
27;5;"Jana";"Koláøíková";"Bc.";"";32;"CZ";"školitelka vzdìl. kurzù pro uèitele v rozv. zemích";"Písek";549240;720;720;"A";3812;1.15;"N";0;2
27;6;"Ondøej";"Kolek";"Ing.";"Ph.D.";40;"CZ";"invenèní vızkumník a technolog vıvoje";"Pìnèín";563749;720;720;"A";2461;.74;"N";0;3
27;7;"Nina";"Špitálníková";"Bc.";"";31;"CZ";"èl. vızk. centra PRCP, koreanistka, spisovatelka";"Kladno";532053;99;720;"A";5065;1.53;"N";0;4
27;8;"Eva";"Tichá";"Ing.";"";57;"CZ";"aktivistka proti korupci, ekonomka, zastupitelka";"Praha";1;720;720;"A";4553;1.37;"N";0;5
27;9;"Lukáš Lev";"Èervinka";"JUDr.";"";27;"CZ";"ústavní právník, analytik AMO se zam. na evr. obr.";"Jablonec nad Nisou";563510;720;720;"A";3411;1.03;"N";0;6
27;10;"Michal";"Gill";"Bc.";"";32;"CZ";"historik, pøekladatel, mediální analytik";"Karviná";598917;720;720;"A";881;.26;"N";0;7
27;11;"Jiøí";"Hoskovec";"Ing.";"";27;"CZ";"forenzní specialista se zamìøením na finan. zloèin";"Praha";1;720;720;"A";2536;.76;"N";0;8
27;12;"David František";"Wagner";"Mgr.";"";30;"CZ";"didaktik, poslaneckı poradce";"Praha";1;720;720;"A";1022;.3;"N";0;9
27;13;"Michal";"Šalomoun";"JUDr. MgA.";"Ph.D.";44;"CZ";"advokát se zamìøením na autorské právo, poradce";"Tøebíè";590266;99;720;"A";2344;.7;"N";0;10
27;14;"Magdaléna";"Daòková";"Mgr.";"";37;"CZ";"uèitelka, zastupitelka mìsta Plzeò";"Plzeò";2;720;720;"A";1329;.4;"N";0;11
27;15;"Matej";"Šandor";"JUDr. Bc.";"Ph.D.";34;"SK";"právník, manaer, radní Prahy 4";"Praha";1;720;720;"A";1492;.45;"N";0;12
27;16;"Linda";"Matušková";"PhDr.";"Ph.D.";36;"CZ";"podnikatelka, fotografka, pedagoka na VŠ a VOŠ";"Kromìøí";588296;720;720;"A";1126;.34;"N";0;13
27;17;"Petr";"Jirman";"Ing.";"";41;"CZ";"auditor Evropské komise, externí poradce MF";"Jablonec nad Nisou";563510;99;720;"A";1870;.56;"N";0;14
27;18;"Dan";"Leština";"Mgr.";"";29;"CZ";"vızkumník a doktorand v oboru tropické ekologie";"Èeské Budìjovice";544256;720;720;"A";1305;.39;"N";0;15
27;19;"František";"Kopøiva";"";"";23;"CZ";"poslanec PSP ÈR, èlen Vıboru pro evr. záleitosti";"Mladá Boleslav";535419;720;720;"A";773;.23;"N";0;16
27;20;"Hynek";"Melichar";"Mgr.";"Ph.D.";36;"CZ";"univerzitní pedagog mezinár. vztahù a bezpeènosti";"Olomouc";500496;720;720;"A";1902;.57;"N";0;17
27;21;"Jiøí";"Jansa";"Mgr.";"";34;"CZ";"pojistnı matematik, makroekonom";"Chrudim";571164;720;720;"A";562;.16;"N";0;18
27;22;"Jan";"Lièka";"Ing.";"";37;"CZ";"logistik prùmyslové vıroby a skladování, statkáø";"Struhaøov";530689;720;720;"A";372;.11;"N";0;19
27;23;"Michael";"Polák";"";"";45;"CZ";"provozovatel opt. a bezdrátovıch sousedskıch sítí";"Praha";1;720;720;"A";457;.13;"N";0;20
27;24;"Ladislav";"Koubek";"Ing.";"";39;"CZ";"expert OSN na prevenci migrace";"Praha";1;720;720;"A";1689;.51;"N";0;21
27;25;"Pavel";"Tauer";"";"";50;"CZ";"majitel prodejny a servisu";"Praha";1;720;720;"A";386;.11;"N";0;22
27;26;"Šimon";"Barczi";"Ing.";"MDP";31;"CZ";"poradce pro start-upy a projekty dig. ekonomiky";"Praha";1;720;720;"A";790;.23;"N";0;23
27;27;"Miloš";"Vlach";"Ing.";"";35;"CZ";"spoleèník v softwarové firmì, zastupitel Prahy 6";"Praha";1;720;720;"A";548;.16;"N";0;24
27;28;"Jiøí";"Lehejèek";"Mgr. Ing.";"Ph.D.";32;"CZ";"viceprezident evr. org. ekologického zemìdìlství";"Stranèice";538809;720;720;"A";3976;1.2;"N";0;25
28;1;"Ivan";"David";"MUDr.";"CSc.";66;"CZ";"lékaø, pedagog";"Praha";1;1114;1114;"A";33055;15.25;"A";2;0
28;2;"Jan";"Hrnèíø";"PhDr. Ing. Mgr.";"MBA, LL.M.";42;"CZ";"VŠ pedagog, poslanec PS PÈR";"Blansko";581283;1114;1114;"A";8727;4.02;"N";0;1
28;3;"Jana";"Pupavová";"";"";34;"CZ";"úèetní";"Nové Hrady";544868;1114;1114;"A";4298;1.98;"N";0;2
28;4;"Pavel";"Dopita";"Ing.";"LL.M., MBA";54;"CZ";"IT specialista, VŠ pedagog, zast. mìsta Prostìjova";"Prostìjov";589250;1114;1114;"A";3613;1.66;"N";0;3
28;5;"Kamil";"Bìrskı";"MUDr.";"";60;"CZ";"lékaø, zastupitel mìsta Opavy";"Opava";8;1114;1114;"A";1914;.88;"N";0;4
28;6;"Elvíra";"Hahnová";"Bc.";"";41;"CZ";"zaklad. a øed. o.p.s. pro vzdìl. a zamìstnanost";"Chomutov";562971;1114;1114;"A";2002;.92;"N";0;5
28;7;"Robert";"Vašíèek";"Bc.";"";39;"CZ";"mediální poradce, zastup. MÈ Praha 11";"Praha";1;1114;1114;"A";2188;1;"N";0;6
28;8;"Hynek";"Blaško";"Ing.";"";63;"CZ";"generálmajor Armády ÈR v.v.";"Veltruby";533858;1114;1114;"A";47505;21.92;"A";1;0
28;9;"Jiøí";"Novotnı";"Bc.";"";43;"CZ";"odbornı pracovník Úøadu práce ÈR";"Pøíbram";539911;1114;1114;"A";1005;.46;"N";0;7
28;10;"John";"Vostenak";"Bc.";"MBA";61;"CZ";"finanèní a realitní poradce";"Liberec";7;1114;1114;"A";550;.25;"N";0;8
28;11;"Ludvík";"Lukeš";"";"";53;"CZ";"øeditel hotelu";"Kolová";555258;1114;1114;"A";370;.17;"N";0;9
28;12;"Radek";"Henner";"Ing.";"";55;"CZ";"plukovník gšt. Armády ÈR v.z.";"Rybníèek";569411;1114;1114;"A";3961;1.82;"N";0;10
28;13;"Ivana";"Schubert Dickfeld";"";"";47;"CZ";"spisovatelka";"Trutnov";579025;1114;1114;"A";1388;.64;"N";0;11
28;14;"Petr";"Paul";"JUDr.";"";69;"CZ";"právník, zastupitel mìsta Jihlavy";"Jihlava";586846;1114;1114;"A";736;.33;"N";0;12
28;15;"Josef";"Nos";"";"";70;"CZ";"pedagog, spisovatel, hudebník";"Kutná Hora";533955;99;1114;"A";3346;1.54;"N";0;13
28;16;"Marie";"Pošarová";"Ing.";"";39;"CZ";"finanèní analytièka";"Klatovy";555771;1114;1114;"A";1444;.66;"N";0;14
28;17;"František";"Mitterwald";"";"";37;"CZ";"ivnostník, tenisovı trenér";"Kostomlaty pod Milešovkou";567612;1114;1114;"A";600;.27;"N";0;15
28;18;"Vlastibor";"Èermák";"Ing.";"CSc.";63;"CZ";"vysokoškolskı pedagog";"Vohanèice";584134;1114;1114;"A";666;.3;"N";0;16
28;19;"Tomáš";"Doleal";"Ing.";"";46;"CZ";"ekonom";"Kamenice";538299;1114;1114;"A";1155;.53;"N";0;17
28;20;"Jaroslav";"Horák";"Ing.";"";67;"CZ";"soudní znalec v oboru nemov., zast. mìsta Šumperka";"Šumperk";523704;1114;1114;"A";728;.33;"N";0;18
28;21;"Karel";"Schmeidler";"doc. Ing. arch. PhDr.";"CSc.";68;"CZ";"architekt - urbanista, sociolog, VŠ pedagog";"Brno";3;99;1114;"A";1467;.67;"N";0;19
29;1;"Jiøí";"Èernohorskı";"";"";48;"CZ";"pøedseda spolku ÈEST, SVOBODA, RESPEKT";"Brno";3;99;762;"A";542;27.49;"N";0;0
29;2;"Jaroslav";"Èejka";"";"";33;"CZ";"programátor";"Strakonice";550787;99;762;"A";141;7.15;"N";0;0
29;3;"Jaroslav";"Drobnı";"Ing.";"";45;"CZ";"ekonom";"Rakovník";541656;762;762;"A";38;1.92;"N";0;0
29;4;"Radoslav";"Štìdroò";"RNDr.";"";64;"CZ";"geograf, pøírodovìdec";"Ostrava";4;159;762;"A";47;2.38;"N";0;0
29;5;"Milena";"Míèová";"Mgr.";"";53;"CZ";"støedoškolská uèitelka";"Doubravice nad Svitavou";581542;762;762;"A";33;1.67;"N";0;0
29;6;"Petr";"Kania";"";"";56;"CZ";"úèetní";"Praha";1;762;762;"A";2;.1;"N";0;0
29;7;"Miroslav";"Starı";"";"";73;"CZ";"šéfredaktor Severoèeské pravdy";"Mimoò";561835;762;762;"A";24;1.21;"N";0;0
29;8;"Michal";"Ondrej";"Mgr.";"";40;"CZ";"masér";"Kardašova Øeèice";546542;762;762;"A";20;1.01;"N";0;0
29;9;"Monika";"Kijovská";"";"";48;"CZ";"sociální pracovnice";"Havíøov";555088;99;762;"A";15;.76;"N";0;0
29;10;"Zbynìk";"Cincibus";"";"";77;"CZ";"místopøedseda Klubu èeského pohranièí";"Èeská Lípa";561380;47;762;"A";13;.65;"N";0;0
29;11;"Ivan";"Kratochvíl";"Ing.";"pplk. v z.";60;"CZ";"voják";"Slanı";532819;762;762;"A";44;2.23;"N";0;0
29;12;"Irena";"Marvanová";"Mgr.";"";56;"CZ";"støedoškolská uèitelka";"Milevsko";549576;762;762;"A";24;1.21;"N";0;0
29;13;"Vratislav";"Datel";"RNDr.";"CSc.";72;"CZ";"podnikatel";"Praha";1;99;762;"A";5;.25;"N";0;0
29;14;"Jana";"Hrušková";"";"";60;"CZ";"zpìvaèka";"Èeská Skalice";573990;99;762;"A";21;1.06;"N";0;0
29;15;"Jiøí";"Franz";"";"";64;"CZ";"kameraman";"Plzeò";2;762;762;"A";7;.35;"N";0;0
29;16;"Marta";"Suzama";"";"";60;"CZ";"korespondent INTERNAT. PRESS EUROP. NEWS AGENCY";"Praha";1;99;762;"A";4;.2;"N";0;0
29;17;"Jakub";"Škodík";"";"";78;"CZ";"pøedseda SPOLKU POŠKOZENİCH OBÈANÙ";"Pardubice";6;762;762;"A";10;.5;"N";0;0
29;18;"Helena";"Pavlovcová";"";"";62;"CZ";"zdravotní sestra";"Karviná";598917;762;762;"A";11;.55;"N";0;0
29;19;"Pavel";"Munı";"Ing.";"";67;"CZ";"informatik";"Olomouc";500496;99;762;"A";9;.45;"N";0;0
29;20;"Bøetislav";"Svoboda";"";"";52;"CZ";"provozní manaer sportovnì-rekreaèního areálu";"Ostrava";4;99;762;"A";2;.1;"N";0;0
29;21;"Pavel";"Rejf";"Ing.";"CSc.";68;"CZ";"vìdeckı pracovník";"Praha";1;47;762;"A";10;.5;"N";0;0
29;22;"Eva";"Hùlková";"";"";65;"CZ";"koordinátorka INSTITUTU ALENY VITÁSKOVÉ";"Praha";1;99;762;"A";6;.3;"N";0;0
29;23;"Jan";"Brabec";"Ing. Bc.";"";49;"CZ";"pojišovací makléø";"Písek";549240;99;762;"A";14;.71;"N";0;0
29;24;"Ilona";"Šedivá";"";"";53;"CZ";"expedièní pracovník";"Brno";3;99;762;"A";3;.15;"N";0;0
29;25;"Iva";"Valdmanová";"";"";63;"CZ";"podnikatelka";"Ostrava";4;99;762;"A";2;.1;"N";0;0
29;26;"Alice";"Vrabcová";"";"";53;"CZ";"podnikatelka";"Plzeò";2;762;762;"A";5;.25;"N";0;0
29;27;"Roman";"Poluda";"";"";52;"CZ";"údrbáø";"Ostrava";4;99;762;"A";9;.45;"N";0;0
29;28;"Vladimíra";"Vítová";"PhDr.";"Ph.D.";56;"CZ";"pøedsedkynì polit. hnutí ALIANCE NÁRODNÍCH SIL";"Praha";1;762;762;"A";200;10.14;"N";0;0
30;1;"Dita";"Charanzová";"";"";44;"CZ";"poslankynì Evropského parlamentu";"Praha";1;99;768;"A";53924;10.73;"A";1;0
30;2;"Martina";"Dlabajová";"";"";42;"CZ";"poslankynì Evropského parlamentu";"Zlín";585068;99;768;"A";31401;6.25;"A";2;0
30;3;"Martin";"Hlaváèek";"Ing.";"";39;"CZ";"ekonom, manaer";"Praha";1;99;768;"A";5948;1.18;"A";3;0
30;4;"Radka";"Maxová";"Ing.";"";50;"CZ";"poslankynì Parlamentu Èeské republiky";"Tábor";552046;768;768;"A";11286;2.24;"A";4;0
30;5;"Ondøej";"Knotek";"Ing.";"";34;"CZ";"prùmyslovı manaer";"Mariánské Láznì";554642;768;768;"A";3798;.75;"A";5;0
30;6;"Ondøej";"Kovaøík";"Ing.";"";38;"CZ";"hlavní poradce delegace ANO v Evropském parlamentu";"Velké Karlovice";545163;99;768;"A";6867;1.36;"A";6;0
30;7;"Karel";"Filipèík";"Mgr.";"";43;"CZ";"øeditel odboru informatiky";"Vejprnice";559580;768;768;"A";2341;.46;"N";0;1
30;8;"Daniel";"Stru";"Ing.";"";50;"CZ";"produktovı øeditel";"Brno";3;768;768;"A";3465;.68;"N";0;2
30;9;"Kamila";"Bláhová";"Mgr.";"";42;"CZ";"starostka mìsta";"Litvínov";567256;768;768;"A";4659;.92;"N";0;3
30;10;"Milan";"Zavadil";"";"";43;"CZ";"interim manager";"Spojil";574198;768;768;"A";1090;.21;"N";0;4
30;11;"Petra";"Bašová";"";"";25;"CZ";"referent na Ministerstvu financí";"Náchod";573868;768;768;"A";2264;.45;"N";0;5
30;12;"Tomáš";"Sıkora";"Mgr. Ing.";"";51;"CZ";"politolog, rozhodce, ekonom";"Olomouc";500496;768;768;"A";4697;.93;"N";0;6
30;13;"Marie";"Kaufmann";"PhDr.";"";60;"CZ";"expertka EU, mezinárodní poradkynì";"Mìstec Králové";537489;768;768;"A";2719;.54;"N";0;7
30;14;"Petr";"Rozmajzl";"Ing.";"";31;"CZ";"projektovı a IT manaer";"Chrastava";564117;768;768;"A";1341;.26;"N";0;8
30;15;"Lukáš";"Štìpánek";"Ing.";"Ph.D., MSc.";37;"CZ";"ekonom a podnikatel";"Praha";1;768;768;"A";1751;.34;"N";0;9
30;16;"Erik";"Mikuš";"Ing.";"EUR ING";44;"CZ";"programovı manaer ICT";"Modøice";583391;768;768;"A";1124;.22;"N";0;10
30;17;"Jaroslav";"Kuchaø";"Ing.";"";62;"CZ";"váleènı veterán, OSVÈ";"Olomouc";500496;768;768;"A";2934;.58;"N";0;11
30;18;"Jan";"Jarolím";"Ing.";"";44;"CZ";"starosta mìsta";"Dvùr Králové nad Labem";579203;768;768;"A";2143;.42;"N";0;12
30;19;"Marek";"Kocánek";"Ing.";"";34;"CZ";"produktovı manaer";"Litomìøice";564567;768;768;"A";1322;.26;"N";0;13
30;20;"Markéta";"Plesníková";"Bc.";"";28;"CZ";"tajemnice";"Praha";1;99;768;"A";879;.17;"N";0;14
30;21;"Lenka";"Støálková";"Ing.";"";51;"CZ";"èlenka glob. tımu pro komunikaci v nadnár. korp.";"Ronov pod Radhoštìm";544841;768;768;"A";2831;.56;"N";0;15
30;22;"Marcel";"Kaštovskı";"Ing.";"MBA";40;"CZ";"ekonom";"Jindøichùv Hradec";545881;768;768;"A";1621;.32;"N";0;16
30;23;"Lukáš";"Fiedler";"Mgr.";"";31;"CZ";"advokát";"Hradec Králové";569810;99;768;"A";1152;.22;"N";0;17
30;24;"Tomáš";"Janèa";"Ing.";"";26;"CZ";"vıkonnı øeditel spoleènosti, ekonom";"Uherské Hradištì";592005;768;768;"A";1503;.29;"N";0;18
30;25;"Jaroslav";"Kytır";"Ing.";"";56;"CZ";"poslanec Parlamentu Èeské republiky";"Svitavy";577731;768;768;"A";1154;.22;"N";0;19
30;26;"Tomáš";"Opatrnı";"Mgr.";"";34;"CZ";"advokát";"Kromìøí";588296;768;768;"A";2057;.4;"N";0;20
30;27;"Jan";"Øehounek";"Ing.";"";44;"CZ";"poslanec Parlamentu Èeské republiky";"Pardubice";6;768;768;"A";2413;.48;"N";0;21
31;1;"Pavel";"Šrámek";"Ing.";"MBA";54;"CZ";"farmáø a podnikatel";"Plzeò";2;1119;1119;"A";488;12.18;"N";0;0
31;2;"Petr";"Šrámek";"Bc.";"";24;"CZ";"farmáø a student";"Plzeò";2;1119;1119;"A";226;5.64;"N";0;0
31;3;"Ivan";"Mittner";"Ing.";"";70;"CZ";"podnikatel";"Jaromìøice nad Rokytnou";590754;1119;1119;"A";55;1.37;"N";0;0
31;4;"Lukáš";"Jícha";"Bc.";"";24;"CZ";"farmáø a student";"Chrást";537233;99;1119;"A";115;2.87;"N";0;0
31;5;"Jiøí";"Zıka";"Ing.";"";52;"CZ";"manaer";"Hùry";535753;99;1119;"A";65;1.62;"N";0;0
31;6;"Michal";"Kaòák";"Bc.";"";24;"CZ";"projektovı manaer";"Zruè-Senec";559679;99;1119;"A";40;.99;"N";0;0
31;7;"Vladislav";"Mittner";"";"";43;"CZ";"office manaer";"Praha";1;99;1119;"A";24;.59;"N";0;0
31;8;"Martin";"Boreèek";"";"";21;"CZ";"podnikatel";"Línì";559164;99;1119;"A";17;.42;"N";0;0
31;9;"Jan";"Kocmánek";"";"";23;"CZ";"student";"Plzeò";2;99;1119;"A";12;.29;"N";0;0
31;10;"Matouš";"Rybka";"";"Dis.";24;"CZ";"podnikatel a student";"Plzeò";2;99;1119;"A";19;.47;"N";0;0
31;11;"Michaela";"Ottová";"";"";21;"CZ";"grafik a student";"Pocinovice";554120;99;1119;"A";43;1.07;"N";0;0
31;12;"Vojtìch";"Dìdek";"Bc.";"";23;"CZ";"student";"Kopøivnice";599565;99;1119;"A";61;1.52;"N";0;0
32;1;"Tomáš";"Ingr";"";"";40;"CZ";"jednatel spoleènosti, pøedseda strany Moravané";"Pasohlávky";584762;83;83;"A";445;6.74;"N";0;0
32;2;"Petr";"Bystøickı";"";"";40;"CZ";"technik kvality, místopøedseda strany Moravané";"Salaš";592561;83;83;"A";176;2.66;"N";0;0
32;3;"Jiøí";"Pernes";"doc. PhDr.";"Dr.";70;"CZ";"historik";"Brno";3;83;83;"A";209;3.16;"N";0;0
32;4;"Monika";"Hrdlièková";"";"";28;"CZ";"asistentka, pøedsedkynì Mladıch Moravanù";"Jekovice";593125;99;83;"A";138;2.09;"N";0;0
32;5;"Jaromír";"Repík";"";"";61;"CZ";"starosta mìsta";"Vracov";586765;99;83;"A";142;2.15;"N";0;0
32;6;"Dušan";"Tejkal";"Mgr. Bc.";"";43;"CZ";"velitel Mìstské policie";"Bouzov";500861;83;83;"A";294;4.45;"N";0;0
32;7;"František";"Novotnı";"";"";65;"CZ";"øeditel spoleènosti, zastupitel mìsta";"Hodonín";547794;83;83;"A";115;1.74;"N";0;0
32;8;"Šárka";"Dumišincová";"";"";25;"CZ";"zpìvaèka";"Hodonín";547794;99;83;"A";112;1.69;"N";0;0
32;9;"Jiøí";"Kamp";"";"";66;"CZ";"starosta mìsta";"Staré Mìsto";578789;99;83;"A";78;1.18;"N";0;0
32;10;"Pavel";"Dohnal";"Ing.";"";58;"CZ";"øed. domova pro seniory, èest. pøed. str. Moravané";"Hluk";592170;83;83;"A";182;2.75;"N";0;0
32;11;"Petr";"Mahel";"";"";43;"CZ";"dìlník";"Malá Morava";540331;83;83;"A";94;1.42;"N";0;0
32;12;"Aleš";"Sekanina";"Ing.";"";55;"CZ";"elektrotechnik";"Buèovice";592943;83;83;"A";96;1.45;"N";0;0
32;13;"Jaroslav";"Pazour";"Ing.";"";82;"CZ";"projektant energetickıch zaøízení, dùchodce";"Klentnice";584541;83;83;"A";30;.45;"N";0;0
32;14;"Ondøej";"Hetmánek";"Ing. Mgr.";"";40;"CZ";"stavební projektant";"Ostrava";4;83;83;"A";100;1.51;"N";0;0
32;15;"Jiøí";"Mašek";"";"";67;"CZ";"programátor analytik";"Hodonín";547794;83;83;"A";38;.57;"N";0;0
32;16;"Vladimír";"Vaculík";"Ing.";"";52;"CZ";"OSVÈ - stavební inenır, znalec v oboru ekonomika";"Uherskı Brod";592731;99;83;"A";112;1.69;"N";0;0
32;17;"Štìpán";"Pirnus";"Ing.";"";53;"CZ";"vedoucí stráník Mìstské policie";"Pohoøelice";584801;83;83;"A";102;1.54;"N";0;0
32;18;"Radim";"Vašica";"Ing.";"";39;"CZ";"projektant";"Brno";3;99;83;"A";66;1;"N";0;0
32;19;"Hana";"Bystøická";"";"";35;"CZ";"mateøská dovolená";"Salaš";592561;83;83;"A";59;.89;"N";0;0
32;20;"Robert";"Keprt";"Mgr.";"";51;"CZ";"historik";"Brno";3;83;83;"A";63;.95;"N";0;0
32;21;"Petr";"Knap";"Mgr.";"";50;"CZ";"advokát";"Lednice";584631;83;83;"A";103;1.56;"N";0;0
32;22;"Vladimír";"Hanzlík";"";"";46;"CZ";"jednatel spoleènosti";"Bouzov";500861;83;83;"A";56;.84;"N";0;0
32;23;"Nikola";"Tejkalová";"";"MBA";22;"CZ";"pedagog - psychiatrie/detox VNOL";"Újezd";531901;99;83;"A";121;1.83;"N";0;0
32;24;"Zdenìk";"Zboínek";"Ing.";"";69;"CZ";"projektant";"Brno";3;83;83;"A";17;.25;"N";0;0
32;25;"Bernard";"Franta";"";"";73;"CZ";"dùchodce";"Boršice";592064;83;83;"A";34;.51;"N";0;0
32;26;"Jan";"Fuèík";"";"";75;"CZ";"dùchodce";"Brno";3;83;83;"A";12;.18;"N";0;0
32;27;"Jan";"Najbrt";"";"";62;"CZ";"technickı pracovník";"Brno";3;83;83;"A";20;.3;"N";0;0
33;1;"Matouš";"Bulíø";"";"";36;"CZ";"grafik";"Liberec";7;1218;1218;"A";111;13.15;"N";0;0
33;2;"Anna";"Bernardová";"";"";36;"CZ";"specialista zákaznického servisu";"Liberec";7;1218;1218;"A";79;9.36;"N";0;0
34;1;"Andrea";"Bychlová";"Mgr. et Mgr.";"";34;"CZ";"právnièka, pøed. spolku Nìmeckı ovèák v nouzi z.s.";"Kamenice";538299;99;715;"A";942;6.56;"N";0;0
34;2;"Barbora";"Tocauerová";"Mgr.";"";43;"CZ";"tlumoèník a lektor cizích jazykù";"Opava";8;99;715;"A";621;4.33;"N";0;0
34;3;"Kvìta";"Vostruhová";"Mgr.";"";32;"CZ";"uèitelka";"Èeskı Brod";533271;99;715;"A";125;.87;"N";0;0
34;4;"Larisa";"Zankerová";"";"";39;"CZ";"vedoucí psího domova Pod køídly andìla";"Frıdlant nad Ostravicí";598143;99;715;"A";763;5.32;"N";0;0
34;5;"Petra";"Kadlecová";"";"";46;"CZ";"pøedsedkynì spolku Adámkùv zvíøecí azyl z.s.";"atèany";584240;99;715;"A";177;1.23;"N";0;0
34;6;"Martina";"Nováková";"PhDr.";"";36;"CZ";"klinickı psycholog";"Plzeò";2;99;715;"A";124;.86;"N";0;0
34;7;"Jaroslava";"Souèková";"Ing.";"";53;"CZ";"ekonomka, 1. místostarostka Paøezova";"Paøezov";599182;715;715;"A";110;.76;"N";0;0
34;8;"Jaroslav";"Sepp";"";"";46;"CZ";"šéfkuchaø, èlen spolku HeRo Pomoc bez hranic z.s.";"Litomìøice";564567;99;715;"A";203;1.41;"N";0;0
34;9;"Petr";"Mleziva";"Ing.";"";56;"CZ";"starosta Chodova";"Chodov";553735;715;715;"A";114;.79;"N";0;0
34;10;"Jan";"Havel";"Ing.";"";62;"CZ";"úøedník, vedoucí ubytovacího zaøízení";"Stanovice";555550;99;715;"A";25;.17;"N";0;0
34;11;"Jiøí";"Anderle";"";"";49;"CZ";"zastupitel mìstysu, pøedseda DSZ - ZA PRÁVA ZVÍØAT";"Klenèí pod Èerchovem";553794;715;715;"A";286;1.99;"N";0;0
34;12;"Jana";"Grusová";"";"";37;"CZ";"ošetøovatelka v psím domovì Pod køídly andìla";"Pòovice";552160;99;715;"A";502;3.5;"N";0;0
34;13;"Iveta";"Košnarová";"";"";33;"CZ";"studentka fakulty agrobiologie";"Trutnov";579025;99;715;"A";106;.73;"N";0;0
34;14;"Blanka";"Schröpferová";"";"";42;"CZ";"vedoucí záchranné stanice S.O.S. ivot pro konì";"Míøkov";553956;715;715;"A";260;1.81;"N";0;0
34;15;"Romana";"Cerhová";"";"";53;"CZ";"ošetøovatelka koní, obchodní zástupce";"Plzeò";2;99;715;"A";99;.69;"N";0;0
34;16;"Renata";"Sajdlová";"";"";51;"CZ";"asistentka øeditele";"Zásada";563854;99;715;"A";24;.16;"N";0;0
34;17;"Zdenìk";"Tomka";"";"";22;"CZ";"student Vysoké školy ekonomické";"Letohrad";580538;99;715;"A";84;.58;"N";0;0
34;18;"Erika";"Mirvaldová";"";"";46;"CZ";"v domácnosti";"Brno";3;99;715;"A";24;.16;"N";0;0
34;19;"Miroslava";"Cihláøová";"";"";58;"CZ";"OSVÈ, fyzioterapeut";"Chomutov";562971;99;715;"A";37;.25;"N";0;0
34;20;"Jan";"Sladkı";"";"";65;"CZ";"OSVÈ, místopø. DSZ - ZA PRÁVA ZVÍØAT";"Domalice";553425;715;715;"A";114;.79;"N";0;0
34;21;"Marta";"Zajíèková";"";"";67;"CZ";"v dùchodu, stráník";"Praha";1;99;715;"A";20;.13;"N";0;0
34;22;"Eva";"Dùrasová";"";"";57;"CZ";"pøípraváø vıroby";"Bøvany";566063;99;715;"A";15;.1;"N";0;0
34;23;"Jaroslava";"Jeøábková";"";"";62;"CZ";"OSVÈ";"Plzeò";2;99;715;"A";10;.06;"N";0;0
34;24;"Monika";"Feixová";"";"";36;"CZ";"vırobce biuterie";"Drkov";563561;99;715;"A";43;.29;"N";0;0
34;25;"Jana";"Müllerová";"";"";45;"CZ";"administrátor";"Dobøany";557676;99;715;"A";8;.05;"N";0;0
34;26;"Adéla";"Máèiková";"Ing.";"";31;"CZ";"marketingovı pracovník";"Praha";1;99;715;"A";31;.21;"N";0;0
34;27;"Jitka";"Kùtová";"";"";42;"CZ";"technik, èlenka spolku Klatovské koèky z.s.";"Kdynì";553786;99;715;"A";134;.93;"N";0;0
34;28;"Monika";"Fenderlová";"";"";53;"CZ";"v domácnosti";"Praha";1;99;715;"A";12;.08;"N";0;0
35;1;"Jaroslav";"Bašta";"Bc.";"";71;"CZ";"publicista, diplomat";"Praha";1;99;1179;"A";345;13.35;"N";0;0
35;2;"Martin";"Maøák";"";"";46;"CZ";"obchodní zástupce";"Ostrava";4;1179;1179;"A";85;3.29;"N";0;0
35;3;"Josef";"Prokeš";"Ing.";"";67;"CZ";"brigádní generál v.v.";"Slanı";532819;99;1179;"A";173;6.69;"N";0;0
35;4;"Michaela";"Šímová";"Ing.";"";52;"CZ";"podnikatelka";"Praha";1;1179;1179;"A";42;1.62;"N";0;0
35;5;"Miroslav";"Chocholáèek";"Ing.";"";71;"CZ";"vojenskı pilot, plukovník v.v.";"Drahòovice";532151;1179;1179;"A";134;5.18;"N";0;0
35;6;"Martina";"Šebestová";"";"";45;"CZ";"jednatelka spoleènosti";"Èeské Budìjovice";544256;724;1179;"A";63;2.43;"N";0;0
35;7;"Rudolf";"Mládek";"Mgr. Ing.";"";62;"CZ";"právník";"Praha";1;99;1179;"A";26;1;"N";0;0
35;8;"Petr";"Smorádek";"Mgr.";"";31;"CZ";"stráník MP Mníšek pod Brdy";"Mníšek pod Brdy";540765;1179;1179;"A";36;1.39;"N";0;0
35;9;"Tomáš";"Maitner";"Ing.";"";63;"CZ";"státní zamìstnanec";"Slanı";532819;1179;1179;"A";18;.69;"N";0;0
35;10;"Jan";"Kùrka";"";"";75;"CZ";"olympionik - dùchodce";"Plzeò";2;724;1179;"A";58;2.24;"N";0;0
35;11;"Vìstislav";"Køenek";"Ing.";"";67;"CZ";"OSVÈ";"Domalice";553425;1179;1179;"A";21;.81;"N";0;0
35;12;"Jan";"Boleslavskı";"";"";47;"CZ";"marketingovı konzultant";"Praha";1;1179;1179;"A";16;.61;"N";0;0
35;13;"Jiøí";"Osadník";"Mgr.";"";65;"CZ";"právník";"Novı Jièín";599191;1179;1179;"A";19;.73;"N";0;0
35;14;"Miroslav";"Bøeò";"Ing.";"";68;"CZ";"bezpeènostní analytik";"Slanı";532819;1179;1179;"A";33;1.27;"N";0;0
35;15;"Stanislav";"Brídzik";"";"";59;"CZ";"technik elektroservisu";"Novı Jièín";599191;1179;1179;"A";22;.85;"N";0;0
35;16;"Aleš";"Pauly";"Mgr.";"";54;"CZ";"záchranáø";"Luèany nad Nisou";563692;1179;1179;"A";58;2.24;"N";0;0
35;17;"Stanislav";"Kvasnièka";"Mgr.";"";56;"CZ";"uèitel ZŠ";"Planá";535176;1179;1179;"A";57;2.2;"N";0;0
35;18;"Otokar";"Baroš";"";"";67;"CZ";"starobní dùchodce";"Novı Jièín";599191;1179;1179;"A";9;.34;"N";0;0
35;19;"Otakar";"Nìmec";"Doc. Ing.";"";65;"CZ";"profesor VŠE Praha";"Praha";1;99;1179;"A";34;1.31;"N";0;0
35;20;"Imrich";"Vetrák";"Ing.";"";59;"CZ";"státní zamìstnanec";"Slanı";532819;99;1179;"A";21;.81;"N";0;0
35;21;"Jan";"Dlouhı";"Ing.";"";55;"CZ";"skladník";"Zemìtice";558591;1179;1179;"A";13;.5;"N";0;0
35;22;"Alena";"Strzelcová";"";"";56;"CZ";"pøíslušník ostrahy objektù";"Ostrava";4;1179;1179;"A";13;.5;"N";0;0
35;23;"Václav";"Vojtìch";"";"";52;"CZ";"námoøník";"Konstantinovy Láznì";560952;1179;1179;"A";22;.85;"N";0;0
35;24;"Jiøí";"Ptáèek";"Bc.";"Dis.";51;"CZ";"bezpeènostní manaer";"Zeleneè";539066;1179;1179;"A";10;.38;"N";0;0
35;25;"Jiøí";"Martínek";"";"";44;"CZ";"øidiè MHD";"Ostrava";4;1179;1179;"A";28;1.08;"N";0;0
35;26;"Petr";"Šindeláø";"Ing.";"Ph.D.";73;"CZ";"starobní dùchodce";"Plzeò";2;1179;1179;"A";6;.23;"N";0;0
35;27;"Roman";"Šromota";"";"";49;"CZ";"pokrıvaè";"Ostrava";4;1179;1179;"A";23;.89;"N";0;0
35;28;"Miroslav";"Schötta";"";"";66;"CZ";"starobní dùchodce";"Plzeò";2;1179;1179;"A";9;.34;"N";0;0
36;1;"Josef";"Valihrach";"";"";30;"CZ";"trojnásobnı Vinaø roku ÈR, vítìz Farmy roku 2018";"Krumvíø";584584;99;716;"A";1776;20.36;"N";0;0
36;2;"Liana";"Janáèková";"Ing. arch.";"";65;"CZ";"zastupitelka, senátorka 2004-2010";"Ostrava";4;88;88;"A";753;8.63;"N";0;0
36;3;"Zdenìk";"Šástka";"Ing.";"";53;"CZ";"ekonom, pøekladatel, správce vojenského skanzenu";"Èestlice";538141;1173;716;"A";99;1.13;"N";0;0
36;4;"Martin";"Bílek";"Bc.";"";41;"CZ";"ivnostník, lektor AJ, pøed. Asociace lektorù AJ";"Brníèko";530727;99;716;"A";167;1.91;"N";0;0
36;5;"Miroslav";"Chlubna";"Mgr.";"";45;"CZ";"starosta mìsta Orlová";"Orlová";599069;88;88;"A";155;1.77;"N";0;0
36;6;"Pavel";"Janoš";"";"";60;"CZ";"ivnostník, cukráø, perníkáø roku 1998";"Nìmèice";572870;99;716;"A";115;1.31;"N";0;0
36;7;"Martin";"Polášek";"Mgr. Bc.";"";47;"CZ";"starosta obce Tìrlicko";"Tìrlicko";599158;88;88;"A";133;1.52;"N";0;0
36;8;"Hana";"Moudrá";"Mgr.";"";53;"CZ";"vedoucí odboru, pøeds. strany v Královéhrad. kraji";"Hradec Králové";569810;716;716;"A";90;1.03;"N";0;0
36;9;"David";"Plandor";"Ing.";"Ph.D.";38;"CZ";"IT spec., zastup., star. mìsta Štramberk 2014-18";"Štramberk";599948;88;88;"A";187;2.14;"N";0;0
36;10;"Jiøí";"Šebesta";"";"";54;"CZ";"podnikatel, místopø. Asoc. vır. zbraní a støeliva";"Praha";1;99;716;"A";397;4.55;"N";0;0
36;11;"Ivo";"Syøištì";"PhDr.";"Ph.D.";54;"CZ";"pedagog Univerzity Karlovy";"Praha";1;716;716;"A";67;.76;"N";0;0
36;12;"Taána";"Míèková Muchová";"";"";55;"CZ";"ivnostn., real. makléøka, èl. en ivnostnic 2014";"Valašské Meziøíèí";545058;716;716;"A";62;.71;"N";0;0
36;13;"Renata";"Baèíková";"Bc.";"";36;"CZ";"OSVÈ, poradenství, èl. en ivnostnic 2014";"Praha";1;99;716;"A";61;.69;"N";0;0
36;14;"Zdenìk";"Renc";"";"";72;"CZ";"ivnostník, oèní optik a optometrista";"Rakovník";541656;716;716;"A";43;.49;"N";0;0
36;15;"Petr";"Becher";"";"";64;"CZ";"majitel naklad. Librex Publishing, zastupitel";"Ostrava";4;88;88;"A";74;.84;"N";0;0
36;16;"Aleš";"Volovec";"";"";46;"CZ";"øeditel odboru Univerzity obrany, zastupitel";"Brno";3;716;716;"A";71;.81;"N";0;0
36;17;"Otto";"Jarolímek";"RNDr.";"CSc.";58;"CZ";"fyzik, pedagog Technické univerzity v Liberci";"Turnov";577626;716;716;"A";82;.94;"N";0;0
36;18;"Robert";"Kaše";"Mgr.";"";51;"CZ";"advokát, pøedseda strany v Plzni";"Plzeò";2;716;716;"A";92;1.05;"N";0;0
36;19;"Jiøí";"Císaø";"";"";63;"CZ";"ivnostník, zaslouilı mistr sportu, mistr svìta";"Praha";1;716;716;"A";64;.73;"N";0;0
36;20;"Petr";"Maxa";"Ing.";"";47;"CZ";"øed. Dopravního podniku, zastupitel mìsta Chlumec";"Chlumec";536229;99;88;"A";22;.25;"N";0;0
36;21;"Patrik";"Brablík";"Mgr.";"";40;"CZ";"OSVÈ, lekt. èinnost v oblasti vıuky cizích jazykù";"Èeské Budìjovice";544256;716;716;"A";32;.36;"N";0;0
36;22;"Vojtìch";"Marvan";"Mgr.";"";31;"CZ";"ivnostník, marketingovı specialista, radní mìsta";"Klášterec nad Ohøí";563129;716;716;"A";96;1.1;"N";0;0
36;23;"Jan";"Tóth";"";"";46;"CZ";"ivnostník, uèitel, èlen zastupitelstva";"Nejdek";555380;716;716;"A";44;.5;"N";0;0
36;24;"Jana";"Kagramanovová";"";"";37;"CZ";"jednatelka firmy, realitní makléøka";"Rychvald";599107;1201;716;"A";34;.38;"N";0;0
36;25;"Roman";"Slavík";"";"";55;"CZ";"ivnostník, trafikant, trenér hokejové mládee";"Praha";1;716;716;"A";18;.2;"N";0;0
36;26;"Lubomír";"Doleel";"Mgr.";"";51;"CZ";"starosta mìsta Fryšták";"Fryšták";585211;99;88;"A";53;.6;"N";0;0
36;27;"Jaromír";"Kuba";"Bc.";"";37;"CZ";"OSVÈ, specialista na informaèní bezpeènost";"Pardubice";6;716;716;"A";48;.55;"N";0;0
36;28;"Ladislav";"Linek";"Ing.";"";60;"CZ";"ivnostník, 1. místopøedseda strany, zastupitel";"Praha";1;716;716;"A";54;.61;"N";0;0
37;1;"Jaromír";"Štìtina";"";"";76;"CZ";"europoslanec, spisovatel, novináø";"Praha";1;1219;1219;"A";2925;23.23;"N";0;0
37;2;"Jan";"Povıšil";"";"";37;"CZ";"paralympionik, fotograf";"Praha";1;99;1219;"A";1266;10.05;"N";0;0
37;3;"Petr";"Fischer";"Mgr. et Mgr.";"";49;"CZ";"filosof, publicista";"Praha";1;99;1219;"A";1522;12.09;"N";0;0
37;4;"Jana";"Spekhorstová";"Dipl. Päd.";"";46;"CZ";"hudební pedagoka, viceprez. Evropské unie en";"Staøeè";591742;1219;1219;"A";493;3.91;"N";0;0
37;5;"Leoš";"Fuèík";"";"";65;"CZ";"øeditel ústavu Opus Lacrimosa, z. ú.";"Brno";3;99;1219;"A";47;.37;"N";0;0
37;6;"Jana";"Fašinová";"Mgr.";"";44;"CZ";"finanèní poradce v Evropském parlamentu";"Pavlov";532711;99;1219;"A";428;3.4;"N";0;0
37;7;"Ondøej";"Zeman";"";"";23;"CZ";"student, ivnostník";"Ivanèice";583120;99;1219;"A";120;.95;"N";0;0
37;8;"Jan";"Chytil";"";"";33;"CZ";"asistent europoslance, ekonom";"Praha";1;1219;1219;"A";115;.91;"N";0;0
37;9;"Viera";"Køíová";"MUDr.";"";65;"CZ";"primáøka Gastroenterologického centra";"Roztoky";539627;99;1219;"A";148;1.17;"N";0;0
37;10;"Vladimír";"Skalla";"Mgr.";"";45;"CZ";"jednatel sítì soukr. støedních a základních škol";"Praha";1;721;1219;"A";37;.29;"N";0;0
37;11;"Tereza";"Bártová";"Mgr.";"";27;"CZ";"právnièka";"Vıprachtice";581178;99;1219;"A";164;1.3;"N";0;0
37;12;"Michaela";"Šédová";"Mgr.";"";46;"CZ";"støedoškolská uèitelka";"Praha";1;99;1219;"A";72;.57;"N";0;0
37;13;"Matyáš";"Hájek";"";"";23;"CZ";"fotograf, student Technické fakulty Liberec";"Praha";1;99;1219;"A";44;.34;"N";0;0
37;14;"Jana";"Dvoøáková";"";"";23;"CZ";"specialistka PR a marketingu, studentka";"Tøebíè";590266;99;1219;"A";65;.51;"N";0;0
37;15;"Petra";"Antonová";"MUDr.";"MBA";49;"CZ";"vedoucí lékaøka neinvazivní kardiologie FN Motol";"Praha";1;99;1219;"A";137;1.08;"N";0;0
37;16;"Aleš";"Jaluška";"Mgr.";"";71;"CZ";"duchovní Církve èeskoslovenské husitské";"Lomnice nad Popelkou";577308;99;1219;"A";112;.88;"N";0;0
37;17;"Michal";"Bulant";"Bc.";"";23;"CZ";"student ekonomie";"Tøebíè";590266;99;1219;"A";48;.38;"N";0;0
37;18;"Stanislava";"Šimková";"Mgr.";"";53;"CZ";"speciální pedagog";"Praha";1;99;1219;"A";24;.19;"N";0;0
37;19;"Pavlina";"Hájková";"Mgr. et Mgr.";"MPA";57;"CZ";"vedoucí kanceláøe europoslance";"Praha";1;1219;1219;"A";68;.54;"N";0;0
37;20;"Jakub";"Dostál";"";"";28;"CZ";"PR Jeden svìt na školách, Èlovìk v tísni";"Praha";1;99;1219;"A";65;.51;"N";0;0
37;21;"Tereza";"Boèanová";"";"";31;"CZ";"støedoškolská uèitelka na Gymnáziu Thomase Manna";"Praha";1;99;1219;"A";61;.48;"N";0;0
37;22;"Martin";"Rıznar";"";"";21;"CZ";"student VŠE v Praze";"Praha";1;99;1219;"A";66;.52;"N";0;0
37;23;"Jiøí";"Kuèera";"";"";49;"CZ";"øeditel Consulting Services";"Mnichovice";530191;99;1219;"A";21;.16;"N";0;0
37;24;"Ivana";"Mádrová";"";"";67;"CZ";"manaer, ekonom";"Praha";1;99;1219;"A";54;.42;"N";0;0
37;25;"Milan";"Piskáèek";"";"";35;"CZ";"truhláøství podlaháøství, OSVÈ";"Ústí nad Labem";5;99;1219;"A";18;.14;"N";0;0
37;26;"Radek";"Novotnı";"";"";48;"CZ";"vıtvarník, marketingovı specialista";"Brno";3;99;1219;"A";22;.17;"N";0;0
38;1;"Pavel";"Poláèek";"Ing.";"CSc.";80;"CZ";"jednatel spoleènosti";"Praha";1;99;123;"A";20;8.51;"N";0;0
38;2;"František";"Nìmec";"Mgr. Bc.";"";42;"CZ";"jednatel spol., pøeds. KONZERVATIVNÍ ALTERNATIVY";"Praha";1;123;123;"A";13;5.53;"N";0;0
38;3;"Jiøí";"Danìk";"";"";49;"CZ";"ekonom, èlen Italsko-èeské obch. a prùmysl. komory";"Praha";1;99;123;"A";10;4.25;"N";0;0
38;4;"Zdenìk";"Dıèka";"Ing.";"";57;"CZ";"ekonom";"Klášterec nad Ohøí";563129;123;123;"A";10;4.25;"N";0;0
38;5;"Antonín";"Šmídek";"Ing.";"";35;"CZ";"vedoucí projektu";"Praha";1;99;123;"A";9;3.82;"N";0;0
38;6;"Ladislav";"Béòa";"";"";55;"CZ";"zamìstnanec Èeské pošty";"Praha";1;99;123;"A";5;2.12;"N";0;0
38;7;"Michal";"Èmejrek";"";"";39;"CZ";"podnikatel";"Praha";1;123;123;"A";4;1.7;"N";0;0
38;8;"Ludìk";"Holeèek";"";"";60;"CZ";"èlen zemìdìlského drustva";"Ètveøín";544531;99;123;"A";7;2.97;"N";0;0
39;1;"Pavel";"Svoboda";"Doc. JUDr.";"Ph.D., D.E.A.";57;"CZ";"poslanec Evropského parlamentu";"Praha";1;1;1;"A";21821;12.7;"N";0;1
39;2;"Tomáš";"Zdechovskı";"Mgr.";"";39;"CZ";"poslanec Evropského parlamentu";"Hradec Králové";569810;1;1;"A";24823;14.45;"A";1;0
39;3;"Michaela";"Šojdrová";"Ing.";"";55;"CZ";"poslankynì Evropského parlamentu";"Kromìøí";588296;1;1;"A";22649;13.18;"A";2;0
39;4;"Jaroslav";"Suchı";"Mgr.";"";48;"CZ";"uèitel angliètiny, èlen Rady mìsta Brna";"Brno";3;1;1;"A";5208;3.03;"N";0;3
39;5;"Ondøej";"Benešík";"Mgr.";"";42;"CZ";"poslanec PS PÈR, pøeds. vıboru pro evrop. záleit.";"Strání";592617;1;1;"A";4396;2.55;"N";0;4
39;6;"František";"Talíø";"Bc.";"";25;"CZ";"historik a moderátor";"Zubèice";545872;1;1;"A";9757;5.68;"N";0;2
39;7;"Lukáš";"Curylo";"Mgr.";"";45;"CZ";"1. námìstek hejtmana MSK, øeditel Charity";"Ostrava";4;1;1;"A";2812;1.63;"N";0;5
39;8;"Nina";"Nováková";"Mgr.";"";65;"CZ";"SŠ pedagoka, pøedsedkynì Støedoevropské inspirace";"Brandıs nad Labem-Stará Boleslav";538094;99;1;"A";2507;1.45;"N";0;6
39;9;"Eduard";"Hulicius";"Mgr.";"M.A.";38;"CZ";"èlen kabinetu evropské komisaøky";"Praha";1;1;1;"A";545;.31;"N";0;7
39;10;"Hayato";"Okamura";"Mgr.";"";52;"CZ";"tlumoèník a prùvodce";"Praha";1;1;1;"A";7511;4.37;"N";0;8
39;11;"Lukáš";"Pachta";"Bc.";"M.A.";37;"CZ";"politolog a poradce europoslankynì";"Praha";1;1;1;"A";264;.15;"N";0;9
39;12;"Pavel";"Kopeèek";"MUDr.";"";53;"CZ";"ortoped";"Ratíškovice";586510;1;1;"A";1696;.98;"N";0;10
39;13;"Eva";"Šillerová";"Ing.";"";36;"CZ";"ekonomická øeditelka";"Havíøov";555088;1;1;"A";925;.53;"N";0;11
39;14;"Petr";"Vyslouil";"Mgr. Ing.";"";49;"CZ";"agronom";"Bedihoš";589268;1;1;"A";496;.28;"N";0;12
39;15;"Josef";"Ulrich";"Mgr.";"MBA";43;"CZ";"finanèní manaer";"Praha";1;1;1;"A";94;.05;"N";0;13
39;16;"Jiøí";"Witzany";"Prof. RNDr.";"Ph.D.";53;"CZ";"vysokoškolskı uèitel";"Praha";1;129;1;"A";727;.42;"N";0;14
39;17;"Jan";"Málek";"Mgr. et Mgr.";"";33;"CZ";"politolog, analytik Evropské akad. pro demokracii";"Pøibyslav";574368;1;1;"A";638;.37;"N";0;15
39;18;"Petr";"Krátkı";"JUDr.";"";44;"CZ";"právník, manaer, místopøedseda Koruny Èeské";"Praha";1;55;1;"A";521;.3;"N";0;16
39;19;"Markéta";"Filipová";"";"M.A.";27;"CZ";"manaerka zahraniè. vztahù KDU-ÈSL, pøekladatelka";"Boršov nad Vltavou";544299;1;1;"A";1207;.7;"N";0;17
39;20;"Zdeòka";"Rybová";"";"";40;"CZ";"místopøedsedkynì Hnutí Pro ivot ÈR";"Praha";1;24;1;"A";2567;1.49;"N";0;18
39;21;"Miloš";"Pešek";"Prof. MUDr.";"CSc.";68;"CZ";"pøednosta kliniky, vìdec, pedagog";"Plzeò";2;1;1;"A";834;.48;"N";0;19
39;22;"Rudolf";"Havelka";"Mgr.";"Ph.D.";37;"CZ";"øeditel mìstského muzea";"Hradec Králové";569810;1;1;"A";254;.14;"N";0;20
39;23;"Lukáš";"Vermach";"Mgr.";"Ph.D.";33;"CZ";"matematik, konzultant v oblasti IT a teorie rizika";"Praha";1;99;1;"A";382;.22;"N";0;21
39;24;"David";"Surı";"Mgr.";"";35;"CZ";"uvolnìnı èl. Rady mìsta pro P, majetek mìsta a IT";"Uherskı Brod";592731;1;1;"A";428;.24;"N";0;22
39;25;"Hana";"Bellová";"Mgr.";"B.A.";44;"CZ";"podnikatelka a pøekladatelka";"Dolní Beèva";541800;1;1;"A";426;.24;"N";0;23
39;26;"Vojtìch";"Marek";"Mgr.";"";27;"CZ";"IT specialista a demograf";"Heømanùv Mìstec";571385;1;1;"A";375;.21;"N";0;24
39;27;"Jan";"Borgu¾a";"Ing.";"";44;"CZ";"øeditel rodinné stavební firmy";"Ondøejov";538582;1;1;"A";337;.19;"N";0;25
39;28;"Daniel";"Herman";"Mgr.";"";56;"CZ";"lektor a politik";"Praha";1;1;1;"A";8459;4.92;"N";0;26
40;1;"Klára Albìta";"Samková";"JUDr.";"";56;"CZ";"advokátka";"Praha";1;99;1052;"A";3890;33.16;"N";0;0
40;2;"Ludìk";"Nezmar";"Ing. Mgr.";"MBA";47;"CZ";"podnikatel, IT specialista";"Psáry";539597;1052;1052;"A";238;2.02;"N";0;0
40;3;"Ivan";"Hrbek";"Ing.";"pplk. v.v.";66;"CZ";"zemìdìlskı poradce a farmáø, pedagog";"Hvozd";589560;99;1052;"A";297;2.53;"N";0;0
40;4;"Milan";"Vodièka";"Ing.";"CSc.";69;"CZ";"ekonom, manaer a soudní znalec";"Øíèany";538728;99;1052;"A";92;.78;"N";0;0
40;5;"Richard";"Novák";"JUDr.";"";57;"CZ";"advokát";"Velké Nìmèice";585009;1121;1052;"A";216;1.84;"N";0;0
40;6;"Lubomír";"Volnı";"Mgr.";"";45;"CZ";"poslanec PS PÈR, uèitel";"Ostrava";4;1225;1052;"A";999;8.51;"N";0;0
40;7;"Miroslav";"Èervenka";"Mgr.";"";63;"CZ";"podnikatel";"Dìèín";562335;99;1052;"A";61;.52;"N";0;0
40;8;"Vojtìch";"Merunka";"doc. Ing.";"Ph.D.";52;"CZ";"VŠ uèitel, IT specialista na umìlou inteligenci";"Praha";1;99;1052;"A";174;1.48;"N";0;0
40;9;"Zdenìk";"Pernica";"";"";32;"CZ";"trenér bojovıch sportù, boxer";"Brno";3;1121;1052;"A";252;2.14;"N";0;0
40;10;"Lenka";"Klímková";"";"";36;"CZ";"personalistka v IT";"Sokolov";560286;1052;1052;"A";83;.7;"N";0;0
40;11;"Hynek";"Charous";"";"";48;"CZ";"pilot závodních vozù";"Brno";3;99;1052;"A";126;1.07;"N";0;0
40;12;"Marian";"Bojko";"";"";56;"CZ";"poslanec PS PÈR, báòskı záchranáø";"Karviná";598917;1225;1052;"A";338;2.88;"N";0;0
40;13;"Marie";"Èapková";"Ing.";"";58;"CZ";"referent firemní péèe v telekomunikaèních slubách";"Jeníkovice";575135;99;1052;"A";61;.52;"N";0;0
40;14;"Tomáš";"Houška";"PaedDr.";"";55;"CZ";"pedagog, reisér, scénárista";"Praha";1;99;1052;"A";47;.4;"N";0;0
40;15;"Jiøí";"Branèík";"PhDr.";"pplk. v.v.";70;"CZ";"primáø psycholog. odd. Voj. nemocnice v Brnì";"Brno";3;99;1052;"A";146;1.24;"N";0;0
40;16;"Irena";"Steinhauserová";"Ing.";"";58;"CZ";"koordinátorka domác. vzdìlávání, psych. v hospici";"Strmilov";547239;99;1052;"A";80;.68;"N";0;0
40;17;"David";"Nepimach";"";"";45;"CZ";"majitel autoservisu, podnikatel";"Zlín";585068;99;1052;"A";71;.6;"N";0;0
40;18;"Pavel";"Havlíèek";"";"";56;"CZ";"øezník, pøedseda Asociace ivnostníkù ÈR";"Klatovy";555771;99;1052;"A";88;.75;"N";0;0
40;19;"Jitka";"Tatíèková";"Ing.";"";49;"CZ";"finanèní manaerka";"Vodìrádky";999997;99;1052;"A";35;.29;"N";0;0
40;20;"Zuzana";"Mouèková";"";"";34;"CZ";"farmáøka";"Drysice";593010;99;1052;"A";75;.63;"N";0;0
40;21;"František";"Petrík";"Ing.";"";58;"CZ";"obchodní manaer";"Liberec";7;99;1052;"A";28;.23;"N";0;0
40;22;"Ludvík";"Kummer";"Mgr.";"";58;"CZ";"advokát";"Brno";3;1121;1052;"A";40;.34;"N";0;0
